point_id,local_x,local_y,local_z,original_z,source_layer,source_handle,is_outlier
P00001,-1734.678,-2688.5797,27.938,27.938,9-지형-POINT,3929B,False
P00002,-1719.391,-2654.9717,27.423,27.423,9-지형-POINT,3929C,False
P00003,-1779.448,-2693.7617,34.07,34.07,9-지형-POINT,3929D,False
P00004,-1730.506,-2770.7537,33.684,33.684,9-지형-POINT,3929E,False
P00005,-1757.426,-2824.7677,36.71,36.71,9-지형-POINT,3929F,False
P00006,-1787.191,-2837.1117,37.345,37.345,9-지형-POINT,392A0,False
P00007,-1828.98,-2886.3317,34.543,34.543,9-지형-POINT,392A1,False
P00008,-1867.904,-2944.1727,28.645,28.645,9-지형-POINT,392A2,False
P00009,-1898.236,-2966.4907,26.078,26.078,9-지형-POINT,392A3,False
P00010,-1947.469,-2996.2857,24.689,24.689,9-지형-POINT,392A4,False
P00011,-2030.877,-2967.3257,32.866,32.866,9-지형-POINT,392A5,False
P00012,-2110.996,-2931.9557,29.798,29.798,9-지형-POINT,392A6,False
P00013,-2167.16,-2924.1057,25.06,25.06,9-지형-POINT,392A7,False
P00014,-2179.585,-2914.9997,24.896,24.896,9-지형-POINT,392A8,False
P00015,-2210.33,-2921.0257,16.36,16.36,9-지형-POINT,392A9,False
P00016,-2159.444,-2870.0117,16.916,16.916,9-지형-POINT,392AA,False
P00017,-2136.67,-2825.6007,17.66,17.66,9-지형-POINT,392AB,False
P00018,-2114.582,-2771.3127,18.314,18.314,9-지형-POINT,392AC,False
P00019,-2082.551,-2734.3117,27.85,27.85,9-지형-POINT,392AD,False
P00020,-2067.084,-2729.1727,27.272,27.272,9-지형-POINT,392AE,False
P00021,-1804.544,-2719.2127,37.924,37.924,9-지형-POINT,392AF,False
P00022,-1865.854,-2758.2717,41.738,41.738,9-지형-POINT,392B0,False
P00023,-1920.748,-2779.0237,39.548,39.548,9-지형-POINT,392B1,False
P00024,-2017.64,-2776.2187,36.827,36.827,9-지형-POINT,392B2,False
P00025,-2059.92,-2829.5187,35.805,35.805,9-지형-POINT,392B3,False
P00026,-2067.728,-2889.1787,39.544,39.544,9-지형-POINT,392B4,False
P00027,-1744.046,-2687.9947,27.65,27.65,9-지형-POINT,392B5,False
P00028,-1718.206,-2650.5347,27.34,27.34,9-지형-POINT,392B7,False
P00029,-1710.736,-2664.0447,27.58,27.58,9-지형-POINT,392B9,False
P00030,-1719.966,-2654.6647,27.37,27.37,9-지형-POINT,392BB,False
P00031,-1744.896,-2686.1247,26.66,26.66,9-지형-POINT,392BD,False
P00032,-1722.346,-2661.0747,27.45,27.45,9-지형-POINT,392BF,False
P00033,-1716.866,-2681.0547,27.88,27.88,9-지형-POINT,392C1,False
P00034,-1721.956,-2661.4147,27.48,27.48,9-지형-POINT,392C3,False
P00035,-1764.736,-2668.3347,24.78,24.78,9-지형-POINT,392C5,False
P00036,-1724.286,-2666.2647,27.53,27.53,9-지형-POINT,392C7,False
P00037,-1720.246,-2690.1447,28.03,28.03,9-지형-POINT,392C9,False
P00038,-1726.246,-2666.1847,27.31,27.31,9-지형-POINT,392CB,False
P00039,-1728.046,-2665.1647,27.07,27.07,9-지형-POINT,392CD,False
P00040,-1725.316,-2704.9647,28.72,28.72,9-지형-POINT,392CF,False
P00041,-1728.676,-2664.2847,27.04,27.04,9-지형-POINT,392D1,False
P00042,-1728.816,-2663.5647,27.34,27.34,9-지형-POINT,392D3,False
P00043,-1783.626,-2640.7647,24.1,24.1,9-지형-POINT,392D5,False
P00044,-1728.556,-2720.8447,29.69,29.69,9-지형-POINT,392D7,False
P00045,-1725.256,-2660.7947,27.71,27.71,9-지형-POINT,392D9,False
P00046,-1730.186,-2737.3647,30.98,30.98,9-지형-POINT,392DB,False
P00047,-1722.246,-2654.5547,27.6,27.6,9-지형-POINT,392DD,False
P00048,-1729.676,-2756.3847,32.67,32.67,9-지형-POINT,392DF,False
P00049,-1776.886,-2647.1647,24.32,24.32,9-지형-POINT,392E1,False
P00050,-1731.516,-2665.2247,26.53,26.53,9-지형-POINT,392E3,False
P00051,-1735.436,-2665.2147,25.91,25.91,9-지형-POINT,392E5,False
P00052,-1777.056,-2650.9347,24.38,24.38,9-지형-POINT,392E7,False
P00053,-1728.936,-2769.2247,33.41,33.41,9-지형-POINT,392E9,False
P00054,-1735.566,-2664.6447,25.93,25.93,9-지형-POINT,392EB,False
P00055,-1768.476,-2657.6347,24.47,24.47,9-지형-POINT,392ED,False
P00056,-1739.296,-2663.6947,25.27,25.27,9-지형-POINT,392EF,False
P00057,-1766.126,-2659.9647,24.47,24.47,9-지형-POINT,392F1,False
P00058,-1741.006,-2662.2347,24.85,24.85,9-지형-POINT,392F3,False
P00059,-1740.316,-2661.3047,24.62,24.62,9-지형-POINT,392F5,False
P00060,-1737.166,-2661.0547,24.29,24.29,9-지형-POINT,392F7,False
P00061,-1763.386,-2664.7447,24.51,24.51,9-지형-POINT,392F9,False
P00062,-1729.846,-2660.9247,24.33,24.33,9-지형-POINT,392FB,False
P00063,-1760.826,-2665.5947,24.7,24.7,9-지형-POINT,392FD,False
P00064,-1759.246,-2665.5947,24.71,24.71,9-지형-POINT,392FF,False
P00065,-1759.256,-2666.9747,24.78,24.78,9-지형-POINT,39301,False
P00066,-1728.486,-2658.0547,24.24,24.24,9-지형-POINT,39303,False
P00067,-1740.316,-2735.2847,30.99,30.99,9-지형-POINT,39305,False
P00068,-1740.936,-2727.9847,30.39,30.39,9-지형-POINT,39306,False
P00069,-1724.776,-2647.2047,24.25,24.25,9-지형-POINT,39308,False
P00070,-1756.476,-2656.7447,24.45,24.45,9-지형-POINT,3930A,False
P00071,-1742.446,-2651.5247,24.2,24.2,9-지형-POINT,3930C,False
P00072,-1748.286,-2669.2347,25.27,25.27,9-지형-POINT,3930E,False
P00073,-1738.706,-2717.2247,29.77,29.77,9-지형-POINT,39310,False
P00074,-1734.776,-2715.1447,29.68,29.68,9-지형-POINT,39312,False
P00075,-1734.056,-2676.1447,26.91,26.91,9-지형-POINT,39314,False
P00076,-1740.886,-2714.7647,30.26,30.26,9-지형-POINT,39316,False
P00077,-1774.056,-2626.8347,24.13,24.13,9-지형-POINT,39318,False
P00078,-1775.396,-2625.3447,24.24,24.24,9-지형-POINT,3931A,False
P00079,-1742.086,-2711.9147,30.12,30.12,9-지형-POINT,3931C,False
P00080,-1778.686,-2634.5347,24.1,24.1,9-지형-POINT,3931E,False
P00081,-1780.716,-2634.0947,24.2,24.2,9-지형-POINT,39320,False
P00082,-1768.146,-2669.5447,27.81,27.81,9-지형-POINT,39322,False
P00083,-1781.986,-2635.7447,24.17,24.17,9-지형-POINT,39324,False
P00084,-1769.356,-2673.1847,27.79,27.79,9-지형-POINT,39326,False
P00085,-1737.486,-2709.2047,29.32,29.32,9-지형-POINT,39328,False
P00086,-1780.896,-2637.5247,24.08,24.08,9-지형-POINT,3932A,False
P00087,-1767.796,-2674.5447,27.65,27.65,9-지형-POINT,3932C,False
P00088,-1735.526,-2701.0847,28.86,28.86,9-지형-POINT,3932E,False
P00089,-1767.966,-2674.8847,27.36,27.36,9-지형-POINT,39330,False
P00090,-1783.046,-2639.2847,24.09,24.09,9-지형-POINT,39332,False
P00091,-1770.266,-2676.2047,27.45,27.45,9-지형-POINT,39334,False
P00092,-1732.942,-2692.1057,28.443,28.443,9-지형-POINT,39336,False
P00093,-1732.586,-2691.1047,28.19,28.19,9-지형-POINT,39337,False
P00094,-1731.736,-2691.3047,28.2,28.2,9-지형-POINT,39339,False
P00095,-1731.366,-2690.3647,28.13,28.13,9-지형-POINT,3933B,False
P00096,-1732.216,-2690.1547,28.12,28.12,9-지형-POINT,3933C,False
P00097,-1769.416,-2682.1447,27.8,27.8,9-지형-POINT,3933D,False
P00098,-1784.446,-2637.9247,24.17,24.17,9-지형-POINT,3933F,False
P00099,-1755.576,-2695.2847,27.77,27.77,9-지형-POINT,39341,False
P00100,-1731.916,-2690.7647,25.75,25.75,9-지형-POINT,39343,False
P00101,-1732.086,-2689.7847,28.02,28.02,9-지형-POINT,39345,False
P00102,-1731.696,-2689.8747,28.03,28.03,9-지형-POINT,39346,False
P00103,-1746.056,-2701.9047,27.92,27.92,9-지형-POINT,39348,False
P00104,-1776.046,-2622.6347,24.42,24.42,9-지형-POINT,3934A,False
P00105,-1727.296,-2676.5647,27.58,27.58,9-지형-POINT,3934C,False
P00106,-1726.856,-2676.0647,27.65,27.65,9-지형-POINT,3934E,False
P00107,-1726.626,-2675.1047,27.63,27.63,9-지형-POINT,3934F,False
P00108,-1727.566,-2674.8947,27.61,27.61,9-지형-POINT,39351,False
P00109,-1782.936,-2634.1347,24.38,24.38,9-지형-POINT,39352,False
P00110,-1743.656,-2689.0347,27.66,27.66,9-지형-POINT,39354,False
P00111,-1741.056,-2695.0447,28.15,28.15,9-지형-POINT,39356,False
P00112,-1742.326,-2704.5647,29.53,29.53,9-지형-POINT,39358,False
P00113,-1740.586,-2697.9947,28.72,28.72,9-지형-POINT,3935A,False
P00114,-1741.556,-2707.7247,29.68,29.68,9-지형-POINT,3935C,False
P00115,-1741.136,-2698.3747,28.83,28.83,9-지형-POINT,3935D,False
P00116,-1745.966,-2708.1747,29.79,29.79,9-지형-POINT,3935F,False
P00117,-1742.556,-2701.0547,29.09,29.09,9-지형-POINT,39361,False
P00118,-1745.646,-2705.0747,29.71,29.71,9-지형-POINT,39363,False
P00119,-1751.966,-2702.4247,30.49,30.49,9-지형-POINT,39365,False
P00120,-1754.156,-2703.9747,30.64,30.64,9-지형-POINT,39367,False
P00121,-1743.566,-2702.3647,29.26,29.26,9-지형-POINT,39369,False
P00122,-1766.676,-2697.0247,31.65,31.65,9-지형-POINT,3936B,False
P00123,-1744.956,-2704.8747,29.58,29.58,9-지형-POINT,3936D,False
P00124,-1770.206,-2681.2747,28.64,28.64,9-지형-POINT,3936E,False
P00125,-1769.566,-2692.4547,32.36,32.36,9-지형-POINT,39370,False
P00126,-1743.176,-2704.6947,29.62,29.62,9-지형-POINT,39372,False
P00127,-1775.366,-2692.1747,33.33,33.33,9-지형-POINT,39373,False
P00128,-1770.566,-2675.3647,27.24,27.24,9-지형-POINT,39375,False
P00129,-1770.706,-2695.4247,32.35,32.35,9-지형-POINT,39377,False
P00130,-1741.596,-2707.9347,29.71,29.71,9-지형-POINT,39379,False
P00131,-1775.896,-2695.8447,33.52,33.52,9-지형-POINT,3937B,False
P00132,-1738.266,-2708.6847,29.58,29.58,9-지형-POINT,3937D,False
P00133,-1778.746,-2693.4447,33.83,33.83,9-지형-POINT,3937F,False
P00134,-1771.056,-2673.6647,26.58,26.58,9-지형-POINT,39381,False
P00135,-1777.316,-2689.6947,33.54,33.54,9-지형-POINT,39383,False
P00136,-1733.446,-2691.8547,28.23,28.23,9-지형-POINT,39385,False
P00137,-1741.066,-2727.1147,30.6,30.6,9-지형-POINT,39387,False
P00138,-1771.996,-2700.0747,35.68,35.68,9-지형-POINT,39389,False
P00139,-1750.376,-2708.2847,32.17,32.17,9-지형-POINT,3938B,False
P00140,-1763.366,-2707.1847,35.51,35.51,9-지형-POINT,3938D,False
P00141,-1742.606,-2724.0047,31.56,31.56,9-지형-POINT,3938F,False
P00142,-1750.846,-2714.6747,34.39,34.39,9-지형-POINT,39391,False
P00143,-1760.846,-2718.9347,40.08,40.08,9-지형-POINT,39393,False
P00144,-1750.806,-2726.6247,38.37,38.37,9-지형-POINT,39395,False
P00145,-1746.766,-2723.5147,34.49,34.49,9-지형-POINT,39397,False
P00146,-1759.226,-2730.6847,44.18,44.18,9-지형-POINT,39399,False
P00147,-1768.866,-2672.3947,25.03,25.03,9-지형-POINT,3939B,False
P00148,-1774.336,-2667.5847,25.79,25.79,9-지형-POINT,3939D,False
P00149,-1782.16,-2634.6397,24.37,24.37,9-지형-POINT,3939F,False
P00150,-1775.576,-2668.2047,25.53,25.53,9-지형-POINT,393A1,False
P00151,-1788.676,-2639.0847,24.37,24.37,9-지형-POINT,393A3,False
P00152,-1794.106,-2641.7047,24.39,24.39,9-지형-POINT,393A5,False
P00153,-1793.486,-2642.3047,24.38,24.38,9-지형-POINT,393A7,False
P00154,-1790.456,-2642.7247,24.41,24.41,9-지형-POINT,393A9,False
P00155,-1789.696,-2642.4347,24.05,24.05,9-지형-POINT,393AB,False
P00156,-1789.216,-2646.3747,23.66,23.66,9-지형-POINT,393AD,False
P00157,-1790.806,-2652.5047,24.36,24.36,9-지형-POINT,393AF,False
P00158,-1785.636,-2642.7047,24.13,24.13,9-지형-POINT,393B1,False
P00159,-1792.446,-2650.8647,24.13,24.13,9-지형-POINT,393B3,False
P00160,-1794.246,-2650.6347,23.94,23.94,9-지형-POINT,393B5,False
P00161,-1790.746,-2645.8747,23.97,23.97,9-지형-POINT,393B7,False
P00162,-1793.206,-2645.4147,23.24,23.24,9-지형-POINT,393B9,False
P00163,-1795.806,-2642.5047,21.2,21.2,9-지형-POINT,393BB,False
P00164,-1776.416,-2621.7347,20.36,20.36,9-지형-POINT,393BD,False
P00165,-1798.316,-2635.0347,17.36,17.36,9-지형-POINT,393BF,False
P00166,-1778.796,-2625.1147,20.31,20.31,9-지형-POINT,393C1,False
P00167,-1803.556,-2640.6547,19.48,19.48,9-지형-POINT,393C3,False
P00168,-1788.756,-2637.6347,20.59,20.59,9-지형-POINT,393C5,False
P00169,-1789.926,-2638.6347,20.46,20.46,9-지형-POINT,393C7,False
P00170,-1802.326,-2646.3947,22.58,22.58,9-지형-POINT,393C9,False
P00171,-1794.346,-2635.0947,20.7,20.7,9-지형-POINT,393CB,False
P00172,-1794.356,-2635.0947,20.69,20.69,9-지형-POINT,393CD,False
P00173,-1811.966,-2653.0447,24.34,24.34,9-지형-POINT,393CE,False
P00174,-1794.846,-2638.7147,21.52,21.52,9-지형-POINT,393D0,False
P00175,-1795.996,-2636.5347,21.5,21.5,9-지형-POINT,393D2,False
P00176,-1823.876,-2648.8347,22.31,22.31,9-지형-POINT,393D4,False
P00177,-1837.386,-2652.6747,22.84,22.84,9-지형-POINT,393D6,False
P00178,-1798.666,-2631.6947,21.45,21.45,9-지형-POINT,393D8,False
P00179,-1798.766,-2630.9847,21.46,21.46,9-지형-POINT,393DA,False
P00180,-1835.606,-2661.9647,24.76,24.76,9-지형-POINT,393DC,False
P00181,-1794.586,-2629.9447,21.51,21.51,9-지형-POINT,393DE,False
P00182,-1794.066,-2629.7247,21.52,21.52,9-지형-POINT,393E0,False
P00183,-1790.996,-2627.2147,21.52,21.52,9-지형-POINT,393E2,False
P00184,-1790.626,-2626.7647,21.53,21.53,9-지형-POINT,393E4,False
P00185,-1860.616,-2657.2747,19.32,19.32,9-지형-POINT,393E6,False
P00186,-1787.126,-2621.1447,21.51,21.51,9-지형-POINT,393E8,False
P00187,-1783.516,-2614.9547,21.52,21.52,9-지형-POINT,393EA,False
P00188,-1783.496,-2618.0047,20.87,20.87,9-지형-POINT,393EC,False
P00189,-1777.536,-2618.1447,21.54,21.54,9-지형-POINT,393EE,False
P00190,-1774.996,-2617.4347,21.51,21.51,9-지형-POINT,393F0,False
P00191,-1727.696,-2768.7547,33.23,33.23,9-지형-POINT,393F2,False
P00192,-1728.556,-2768.5947,33.32,33.32,9-지형-POINT,393F4,False
P00193,-1740.906,-2727.8847,30.42,30.42,9-지형-POINT,393F6,False
P00194,-1741.096,-2727.8447,31.84,31.84,9-지형-POINT,393F7,False
P00195,-1740.236,-2735.2347,31.05,31.05,9-지형-POINT,393F9,False
P00196,-1741.316,-2736.2047,31.16,31.16,9-지형-POINT,393FB,False
P00197,-1741.356,-2736.1547,33.0,33.0,9-지형-POINT,393FD,False
P00198,-1730.666,-2774.3947,33.81,33.81,9-지형-POINT,393FF,False
P00199,-1741.226,-2748.4447,32.09,32.09,9-지형-POINT,39401,False
P00200,-1741.216,-2748.4847,34.65,34.65,9-지형-POINT,39403,False
P00201,-1751.076,-2736.0547,40.85,40.85,9-지형-POINT,39405,False
P00202,-1740.406,-2755.5647,32.52,32.52,9-지형-POINT,39407,False
P00203,-1741.266,-2757.7747,32.71,32.71,9-지형-POINT,39409,False
P00204,-1741.256,-2757.8547,35.28,35.28,9-지형-POINT,3940B,False
P00205,-1741.836,-2764.7747,33.19,33.19,9-지형-POINT,3940D,False
P00206,-1741.846,-2764.6847,35.75,35.75,9-지형-POINT,3940F,False
P00207,-1733.196,-2781.1747,34.24,34.24,9-지형-POINT,39411,False
P00208,-1742.716,-2770.5247,33.63,33.63,9-지형-POINT,39413,False
P00209,-1742.186,-2767.0447,35.93,35.93,9-지형-POINT,39415,False
P00210,-1755.746,-2755.5447,46.07,46.07,9-지형-POINT,39417,False
P00211,-1742.976,-2772.2147,35.5,35.5,9-지형-POINT,39419,False
P00212,-1737.516,-2790.9847,34.84,34.84,9-지형-POINT,3941B,False
P00213,-1743.896,-2779.3547,34.24,34.24,9-지형-POINT,3941D,False
P00214,-1742.776,-2779.6847,34.25,34.25,9-지형-POINT,3941F,False
P00215,-1742.226,-2801.5647,35.35,35.35,9-지형-POINT,39421,False
P00216,-1750.456,-2764.1047,43.6,43.6,9-지형-POINT,39423,False
P00217,-1744.176,-2780.5647,34.93,34.93,9-지형-POINT,39425,False
P00218,-1744.576,-2808.1047,35.71,35.71,9-지형-POINT,39427,False
P00219,-1748.216,-2793.0947,35.26,35.26,9-지형-POINT,39429,False
P00220,-1747.056,-2817.3447,36.08,36.08,9-지형-POINT,3942B,False
P00221,-1749.106,-2792.6647,35.87,35.87,9-지형-POINT,3942D,False
P00222,-1754.336,-2777.4547,43.02,43.02,9-지형-POINT,3942F,False
P00223,-1753.516,-2805.6447,36.12,36.12,9-지형-POINT,39431,False
P00224,-1754.476,-2805.3147,36.73,36.73,9-지형-POINT,39433,False
P00225,-1756.456,-2787.8247,42.52,42.52,9-지형-POINT,39435,False
P00226,-1756.346,-2812.4347,36.5,36.5,9-지형-POINT,39437,False
P00227,-1759.166,-2824.5147,36.9,36.9,9-지형-POINT,39439,False
P00228,-1756.676,-2812.8047,36.51,36.51,9-지형-POINT,3943B,False
P00229,-1756.856,-2822.5847,36.7,36.7,9-지형-POINT,3943D,False
P00230,-1757.666,-2812.3647,37.06,37.06,9-지형-POINT,3943F,False
P00231,-1756.786,-2829.0947,36.66,36.66,9-지형-POINT,39441,False
P00232,-1755.456,-2838.1147,36.69,36.69,9-지형-POINT,39443,False
P00233,-1757.576,-2814.6747,36.6,36.6,9-지형-POINT,39445,False
P00234,-1758.446,-2814.1547,36.96,36.96,9-지형-POINT,39447,False
P00235,-1756.796,-2807.8547,36.89,36.89,9-지형-POINT,39449,False
P00236,-1773.896,-2804.8947,44.87,44.87,9-지형-POINT,3944B,False
P00237,-1751.936,-2852.2047,36.42,36.42,9-지형-POINT,3944D,False
P00238,-1768.586,-2790.6547,46.87,46.87,9-지형-POINT,3944F,False
P00239,-1747.886,-2823.0847,36.25,36.25,9-지형-POINT,39451,False
P00240,-1756.916,-2824.1247,36.66,36.66,9-지형-POINT,39453,False
P00241,-1747.786,-2831.2347,36.33,36.33,9-지형-POINT,39455,False
P00242,-1760.556,-2826.7947,36.87,36.87,9-지형-POINT,39457,False
P00243,-1746.656,-2838.7247,36.37,36.37,9-지형-POINT,39459,False
P00244,-1767.826,-2828.8147,37.11,37.11,9-지형-POINT,3945B,False
P00245,-1745.046,-2846.3647,36.27,36.27,9-지형-POINT,3945D,False
P00246,-1776.816,-2791.5047,49.67,49.67,9-지형-POINT,3945F,False
P00247,-1777.016,-2831.4747,37.28,37.28,9-지형-POINT,39461,False
P00248,-1762.036,-2848.0747,37.17,37.17,9-지형-POINT,39463,False
P00249,-1782.566,-2833.7947,37.39,37.39,9-지형-POINT,39465,False
P00250,-1767.116,-2833.7247,37.52,37.52,9-지형-POINT,39467,False
P00251,-1787.016,-2806.6947,48.14,48.14,9-지형-POINT,39468,False
P00252,-1787.746,-2836.8947,37.32,37.32,9-지형-POINT,3946A,False
P00253,-1756.616,-2830.2847,36.71,36.71,9-지형-POINT,3946C,False
P00254,-1760.826,-2830.6847,37.02,37.02,9-지형-POINT,3946E,False
P00255,-1781.856,-2812.9647,44.96,44.96,9-지형-POINT,39470,False
P00256,-1761.496,-2833.0047,37.03,37.03,9-지형-POINT,39472,False
P00257,-1764.346,-2833.8347,37.1,37.1,9-지형-POINT,39474,False
P00258,-1770.906,-2825.4147,39.06,39.06,9-지형-POINT,39476,False
P00259,-1766.086,-2833.5247,37.18,37.18,9-지형-POINT,39478,False
P00260,-1782.13,-2820.7027,42.004,42.004,9-지형-POINT,3947A,False
P00261,-1785.936,-2827.4347,40.6,40.6,9-지형-POINT,3947C,False
P00262,-1767.636,-2832.2147,37.14,37.14,9-지형-POINT,3947E,False
P00263,-1767.196,-2835.1747,37.59,37.59,9-지형-POINT,39480,False
P00264,-1797.406,-2831.3447,42.38,42.38,9-지형-POINT,39482,False
P00265,-1767.856,-2833.4347,37.63,37.63,9-지형-POINT,39484,False
P00266,-1767.086,-2833.1547,37.39,37.39,9-지형-POINT,39486,False
P00267,-1771.776,-2833.7147,37.48,37.48,9-지형-POINT,39487,False
P00268,-1813.326,-2833.8047,46.57,46.57,9-지형-POINT,39489,False
P00269,-1771.876,-2833.1647,37.33,37.33,9-지형-POINT,3948B,False
P00270,-1777.176,-2834.2847,37.36,37.36,9-지형-POINT,3948D,False
P00271,-1777.186,-2834.2647,37.36,37.36,9-지형-POINT,3948F,False
P00272,-1818.756,-2829.5947,47.92,47.92,9-지형-POINT,39490,False
P00273,-1795.096,-2842.1247,37.28,37.28,9-지형-POINT,39492,False
P00274,-1788.566,-2841.1947,37.43,37.43,9-지형-POINT,39494,False
P00275,-1805.286,-2853.7647,36.75,36.75,9-지형-POINT,39496,False
P00276,-1792.656,-2843.5047,37.43,37.43,9-지형-POINT,39498,False
P00277,-1801.106,-2860.0647,36.48,36.48,9-지형-POINT,3949A,False
P00278,-1802.936,-2855.2847,36.94,36.94,9-지형-POINT,3949C,False
P00279,-1819.856,-2873.2547,35.03,35.03,9-지형-POINT,3949E,False
P00280,-1814.686,-2870.7647,35.24,35.24,9-지형-POINT,394A0,False
P00281,-1810.516,-2875.0847,34.78,34.78,9-지형-POINT,394A2,False
P00282,-1810.396,-2861.1647,36.08,36.08,9-지형-POINT,394A4,False
P00283,-1809.106,-2859.1147,36.34,36.34,9-지형-POINT,394A6,False
P00284,-1798.486,-2836.5347,41.85,41.85,9-지형-POINT,394A8,False
P00285,-1812.346,-2858.9847,36.9,36.9,9-지형-POINT,394AA,False
P00286,-1825.426,-2882.8047,34.72,34.72,9-지형-POINT,394AC,False
P00287,-1821.426,-2865.9047,40.58,40.58,9-지형-POINT,394AE,False
P00288,-1830.726,-2888.1547,34.4,34.4,9-지형-POINT,394B0,False
P00289,-1823.276,-2862.5047,40.59,40.59,9-지형-POINT,394B2,False
P00290,-1832.626,-2886.2347,34.32,34.32,9-지형-POINT,394B4,False
P00291,-1828.466,-2863.1547,40.33,40.33,9-지형-POINT,394B6,False
P00292,-1843.486,-2901.1847,32.6,32.6,9-지형-POINT,394B8,False
P00293,-1841.476,-2902.7547,32.65,32.65,9-지형-POINT,394BA,False
P00294,-1829.006,-2874.8347,39.42,39.42,9-지형-POINT,394BC,False
P00295,-1847.606,-2910.9947,32.02,32.02,9-지형-POINT,394BE,False
P00296,-1849.786,-2909.5647,31.95,31.95,9-지형-POINT,394C0,False
P00297,-1837.886,-2880.3647,38.33,38.33,9-지형-POINT,394C2,False
P00298,-1837.366,-2885.1247,37.88,37.88,9-지형-POINT,394C4,False
P00299,-1845.026,-2911.2047,30.82,30.82,9-지형-POINT,394C6,False
P00300,-1845.016,-2890.0447,37.4,37.4,9-지형-POINT,394C8,False
P00301,-1845.326,-2894.2847,37.35,37.35,9-지형-POINT,394CA,False
P00302,-1851.076,-2893.3047,37.45,37.45,9-지형-POINT,394CC,False
P00303,-1857.126,-2927.5047,30.23,30.23,9-지형-POINT,394CE,False
P00304,-1859.576,-2925.9747,30.17,30.17,9-지형-POINT,394D0,False
P00305,-1859.666,-2899.9547,37.76,37.76,9-지형-POINT,394D1,False
P00306,-1853.546,-2899.2947,37.59,37.59,9-지형-POINT,394D3,False
P00307,-1848.556,-2917.4547,30.26,30.26,9-지형-POINT,394D5,False
P00308,-1845.116,-2921.9747,30.13,30.13,9-지형-POINT,394D7,False
P00309,-1866.556,-2908.5847,38.1,38.1,9-지형-POINT,394D9,False
P00310,-1859.636,-2906.1547,37.61,37.61,9-지형-POINT,394DB,False
P00311,-1839.036,-2927.8347,29.64,29.64,9-지형-POINT,394DD,False
P00312,-1831.936,-2920.7647,29.98,29.98,9-지형-POINT,394DF,False
P00313,-1806.926,-2904.4147,30.76,30.76,9-지형-POINT,394E1,False
P00314,-1800.826,-2900.5247,31.05,31.05,9-지형-POINT,394E3,False
P00315,-1809.406,-2885.7647,32.44,32.44,9-지형-POINT,394E5,False
P00316,-1834.836,-2893.8347,33.61,33.61,9-지형-POINT,394E7,False
P00317,-1822.946,-2894.1047,31.99,31.99,9-지형-POINT,394E9,False
P00318,-1830.286,-2893.8847,33.74,33.74,9-지형-POINT,394EB,False
P00319,-1816.536,-2884.1147,34.31,34.31,9-지형-POINT,394ED,False
P00320,-1832.136,-2896.1147,32.41,32.41,9-지형-POINT,394EF,False
P00321,-1859.646,-2926.0547,30.16,30.16,9-지형-POINT,394F1,False
P00322,-1857.106,-2927.6247,30.25,30.25,9-지형-POINT,394F3,False
P00323,-1864.166,-2939.2447,29.02,29.02,9-지형-POINT,394F4,False
P00324,-1866.266,-2937.6847,28.94,28.94,9-지형-POINT,394F6,False
P00325,-1869.026,-2941.2447,28.63,28.63,9-지형-POINT,394F8,False
P00326,-1866.846,-2942.8947,28.71,28.71,9-지형-POINT,394FA,False
P00327,-1868.546,-2944.9247,28.57,28.57,9-지형-POINT,394FC,False
P00328,-1872.466,-2944.5347,28.37,28.37,9-지형-POINT,394FE,False
P00329,-1872.486,-2947.9847,28.39,28.39,9-지형-POINT,39500,False
P00330,-1879.726,-2949.3447,27.77,27.77,9-지형-POINT,39502,False
P00331,-1878.016,-2951.8047,27.89,27.89,9-지형-POINT,39504,False
P00332,-1885.906,-2954.9747,27.13,27.13,9-지형-POINT,39506,False
P00333,-1886.856,-2960.1347,26.48,26.48,9-지형-POINT,39508,False
P00334,-1890.516,-2959.7347,26.17,26.17,9-지형-POINT,3950A,False
P00335,-1892.636,-2960.7147,26.11,26.11,9-지형-POINT,3950C,False
P00336,-1895.436,-2941.1547,35.08,35.08,9-지형-POINT,3950E,False
P00337,-1887.186,-2962.5247,25.7,25.7,9-지형-POINT,39510,False
P00338,-1903.776,-2960.5847,28.23,28.23,9-지형-POINT,39512,False
P00339,-1875.156,-2965.5747,24.88,24.88,9-지형-POINT,39514,False
P00340,-1876.616,-2968.3747,24.78,24.78,9-지형-POINT,39516,False
P00341,-1882.986,-2967.2347,25.11,25.11,9-지형-POINT,39518,False
P00342,-1885.196,-2966.5647,25.3,25.3,9-지형-POINT,3951A,False
P00343,-1912.296,-2956.5947,30.38,30.38,9-지형-POINT,3951C,False
P00344,-1879.806,-2971.1747,23.93,23.93,9-지형-POINT,3951E,False
P00345,-1903.336,-2943.7447,35.25,35.25,9-지형-POINT,39520,False
P00346,-1881.586,-2974.0247,23.95,23.95,9-지형-POINT,39522,False
P00347,-1886.176,-2972.5847,24.46,24.46,9-지형-POINT,39524,False
P00348,-1889.466,-2968.4547,25.51,25.51,9-지형-POINT,39526,False
P00349,-1917.916,-2948.6547,34.13,34.13,9-지형-POINT,39528,False
P00350,-1893.046,-2966.5047,26.06,26.06,9-지형-POINT,3952A,False
P00351,-1895.966,-2966.0847,26.12,26.12,9-지형-POINT,3952C,False
P00352,-1897.156,-2960.3747,27.01,27.01,9-지형-POINT,3952E,False
P00353,-1899.296,-2962.9547,26.16,26.16,9-지형-POINT,39530,False
P00354,-1917.986,-2953.5247,34.81,34.81,9-지형-POINT,39532,False
P00355,-1899.086,-2966.8147,26.04,26.04,9-지형-POINT,39534,False
P00356,-1916.056,-2963.3247,29.42,29.42,9-지형-POINT,39536,False
P00357,-1902.256,-2968.5247,25.89,25.89,9-지형-POINT,39538,False
P00358,-1904.026,-2965.7247,25.88,25.88,9-지형-POINT,3953A,False
P00359,-1916.106,-2971.2747,26.58,26.58,9-지형-POINT,3953C,False
P00360,-1931.846,-2949.5847,34.81,34.81,9-지형-POINT,3953E,False
P00361,-1899.946,-2974.5147,24.82,24.82,9-지형-POINT,39540,False
P00362,-1903.466,-2969.7447,25.42,25.42,9-지형-POINT,39542,False
P00363,-1906.956,-2972.2547,25.05,25.05,9-지형-POINT,39544,False
P00364,-1906.956,-2972.2547,25.05,25.05,9-지형-POINT,39546,False
P00365,-1944.006,-2936.1447,39.9,39.9,9-지형-POINT,39548,False
P00366,-1915.256,-2978.4047,24.87,24.87,9-지형-POINT,3954A,False
P00367,-1914.406,-2979.4047,24.92,24.92,9-지형-POINT,3954C,False
P00368,-1914.346,-2976.6147,25.06,25.06,9-지형-POINT,3954E,False
P00369,-1917.536,-2974.6547,25.13,25.13,9-지형-POINT,39550,False
P00370,-1913.896,-2977.5347,25.04,25.04,9-지형-POINT,39552,False
P00371,-1916.566,-2981.2047,24.67,24.67,9-지형-POINT,39554,False
P00372,-1950.936,-2942.1747,39.81,39.81,9-지형-POINT,39556,False
P00373,-1918.616,-2979.2647,25.01,25.01,9-지형-POINT,39558,False
P00374,-1918.636,-2979.2347,25.01,25.01,9-지형-POINT,3955A,False
P00375,-1918.906,-2979.1047,24.5,24.5,9-지형-POINT,3955B,False
P00376,-1919.146,-2978.8547,25.04,25.04,9-지형-POINT,3955C,False
P00377,-1921.943,-2975.2157,25.803,25.803,9-지형-POINT,3955E,False
P00378,-1929.166,-2982.4047,24.92,24.92,9-지형-POINT,39560,False
P00379,-1932.996,-2989.4147,24.81,24.81,9-지형-POINT,39562,False
P00380,-1933.806,-2991.6147,24.13,24.13,9-지형-POINT,39564,False
P00381,-1957.026,-2957.8147,35.26,35.26,9-지형-POINT,39566,False
P00382,-1938.226,-2988.2847,25.41,25.41,9-지형-POINT,39568,False
P00383,-1939.106,-2989.2747,25.38,25.38,9-지형-POINT,3956A,False
P00384,-1939.966,-2988.5847,25.4,25.4,9-지형-POINT,3956B,False
P00385,-1927.186,-2996.2347,23.31,23.31,9-지형-POINT,3956D,False
P00386,-1954.226,-2958.7147,34.45,34.45,9-지형-POINT,3956F,False
P00387,-1933.136,-2989.4147,24.81,24.81,9-지형-POINT,39571,False
P00388,-1938.906,-2988.7247,23.09,23.09,9-지형-POINT,39572,False
P00389,-1938.226,-2993.4447,24.49,24.49,9-지형-POINT,39573,False
P00390,-1939.376,-2987.8747,25.47,25.47,9-지형-POINT,39575,False
P00391,-1939.776,-2988.4047,25.46,25.46,9-지형-POINT,39576,False
P00392,-1964.346,-2965.9347,33.54,33.54,9-지형-POINT,39578,False
P00393,-1940.226,-2990.8247,24.58,24.58,9-지형-POINT,3957A,False
P00394,-1936.106,-2991.8747,24.57,24.57,9-지형-POINT,3957C,False
P00395,-1947.626,-2982.3747,27.95,27.95,9-지형-POINT,3957E,False
P00396,-1947.196,-2981.8147,27.96,27.96,9-지형-POINT,39580,False
P00397,-1926.756,-2997.5547,23.86,23.86,9-지형-POINT,39582,False
P00398,-1944.106,-2980.9547,27.95,27.95,9-지형-POINT,39584,False
P00399,-1962.686,-2973.1847,30.3,30.3,9-지형-POINT,39586,False
P00400,-1938.396,-2983.5247,27.58,27.58,9-지형-POINT,39588,False
P00401,-1926.056,-3004.4547,23.88,23.88,9-지형-POINT,3958A,False
P00402,-1932.226,-2977.6147,27.75,27.75,9-지형-POINT,3958C,False
P00403,-1928.176,-3007.8647,23.59,23.59,9-지형-POINT,3958E,False
P00404,-1932.056,-3014.8447,23.57,23.57,9-지형-POINT,39590,False
P00405,-1939.706,-2972.6747,28.85,28.85,9-지형-POINT,39592,False
P00406,-1940.406,-2999.7747,24.4,24.4,9-지형-POINT,39594,False
P00407,-1940.846,-3000.1047,24.19,24.19,9-지형-POINT,39595,False
P00408,-1941.716,-2998.6947,24.25,24.25,9-지형-POINT,39597,False
P00409,-1949.206,-2972.7747,29.27,29.27,9-지형-POINT,39599,False
P00410,-1949.236,-2972.7847,29.27,29.27,9-지형-POINT,3959B,False
P00411,-1941.266,-2996.6647,24.36,24.36,9-지형-POINT,3959C,False
P00412,-1940.346,-2995.7147,24.39,24.39,9-지형-POINT,3959E,False
P00413,-1939.386,-2994.7447,24.44,24.44,9-지형-POINT,395A0,False
P00414,-1954.236,-2977.8347,28.94,28.94,9-지형-POINT,395A2,False
P00415,-1961.66,-2996.5587,25.566,25.566,9-지형-POINT,395A4,False
P00416,-1944.446,-2993.1747,24.71,24.71,9-지형-POINT,395A5,False
P00417,-1944.436,-2993.1447,24.71,24.71,9-지형-POINT,395A7,False
P00418,-1946.616,-2994.3947,24.66,24.66,9-지형-POINT,395A8,False
P00419,-1953.026,-3001.9947,24.71,24.71,9-지형-POINT,395AA,False
P00420,-1954.946,-3001.8147,24.68,24.68,9-지형-POINT,395AC,False
P00421,-1949.996,-2994.3247,24.86,24.86,9-지형-POINT,395AE,False
P00422,-1956.696,-3002.7147,24.52,24.52,9-지형-POINT,395B0,False
P00423,-1954.596,-2990.0247,25.58,25.58,9-지형-POINT,395B2,False
P00424,-1955.106,-3003.9547,24.65,24.65,9-지형-POINT,395B4,False
P00425,-1955.286,-3003.3547,24.73,24.73,9-지형-POINT,395B6,False
P00426,-1957.556,-2985.7547,26.07,26.07,9-지형-POINT,395B8,False
P00427,-1961.726,-3008.1447,23.63,23.63,9-지형-POINT,395BA,False
P00428,-1964.306,-3006.0847,23.37,23.37,9-지형-POINT,395BC,False
P00429,-1964.376,-2985.3947,26.7,26.7,9-지형-POINT,395BE,False
P00430,-1960.886,-3001.1347,24.83,24.83,9-지형-POINT,395C0,False
P00431,-1964.686,-2986.1547,26.42,26.42,9-지형-POINT,395C2,False
P00432,-1960.526,-2998.5847,25.25,25.25,9-지형-POINT,395C4,False
P00433,-1966.506,-2982.2947,27.07,27.07,9-지형-POINT,395C6,False
P00434,-1962.056,-2996.5547,25.6,25.6,9-지형-POINT,395C8,False
P00435,-1973.726,-2977.2347,28.14,28.14,9-지형-POINT,395CA,False
P00436,-1976.126,-2989.2047,27.42,27.42,9-지형-POINT,395CC,False
P00437,-1972.116,-2975.6447,28.37,28.37,9-지형-POINT,395CE,False
P00438,-1983.166,-2986.4747,28.4,28.4,9-지형-POINT,395D0,False
P00439,-1973.586,-2977.0647,28.05,28.05,9-지형-POINT,395D2,False
P00440,-1977.196,-2975.6347,30.51,30.51,9-지형-POINT,395D4,False
P00441,-1989.388,-2984.5317,29.285,29.285,9-지형-POINT,395D6,False
P00442,-1982.886,-2974.1547,29.21,29.21,9-지형-POINT,395D8,False
P00443,-1977.766,-2979.8447,28.11,28.11,9-지형-POINT,395DA,False
P00444,-1988.616,-2972.1447,35.63,35.63,9-지형-POINT,395DC,False
P00445,-1983.356,-2978.2247,28.84,28.84,9-지형-POINT,395DE,False
P00446,-1988.546,-2976.9947,29.5,29.5,9-지형-POINT,395E0,False
P00447,-1987.846,-2974.0047,29.85,29.85,9-지형-POINT,395E2,False
P00448,-2001.866,-2971.5447,38.0,38.0,9-지형-POINT,395E4,False
P00449,-1989.236,-2972.8247,30.01,30.01,9-지형-POINT,395E6,False
P00450,-1967.676,-2971.2747,30.98,30.98,9-지형-POINT,395E8,False
P00451,-1995.676,-2975.8547,30.3,30.3,9-지형-POINT,395EA,False
P00452,-1994.626,-2972.0947,30.55,30.55,9-지형-POINT,395EC,False
P00453,-1992.276,-2984.5147,29.63,29.63,9-지형-POINT,395EE,False
P00454,-1974.176,-2969.5647,32.72,32.72,9-지형-POINT,395F0,False
P00455,-1984.706,-2972.7047,29.39,29.39,9-지형-POINT,395F2,False
P00456,-2010.106,-2982.3847,31.43,31.43,9-지형-POINT,395F4,False
P00457,-1997.896,-2974.9947,30.78,30.78,9-지형-POINT,395F6,False
P00458,-2018.876,-2979.7447,32.15,32.15,9-지형-POINT,395F8,False
P00459,-1999.256,-2973.8947,30.92,30.92,9-지형-POINT,395FA,False
P00460,-2028.356,-2976.6047,32.59,32.59,9-지형-POINT,395FC,False
P00461,-2007.976,-2974.6947,31.42,31.42,9-지형-POINT,395FE,False
P00462,-1979.666,-2967.7247,34.6,34.6,9-지형-POINT,39600,False
P00463,-2007.106,-2972.2547,31.67,31.67,9-지형-POINT,39602,False
P00464,-2017.956,-2971.7047,32.14,32.14,9-지형-POINT,39604,False
P00465,-2008.116,-2970.7247,31.8,31.8,9-지형-POINT,39607,False
P00466,-2027.066,-2968.5947,32.58,32.58,9-지형-POINT,39608,False
P00467,-2028.546,-2967.2247,32.86,32.86,9-지형-POINT,3960A,False
P00468,-2024.776,-2965.2647,32.74,32.74,9-지형-POINT,3960C,False
P00469,-2034.866,-2961.7847,33.14,33.14,9-지형-POINT,3960E,False
P00470,-2046.286,-2956.8047,33.2,33.2,9-지형-POINT,39610,False
P00471,-1985.536,-2965.1147,37.55,37.55,9-지형-POINT,39612,False
P00472,-2051.356,-2953.2847,33.24,33.24,9-지형-POINT,39614,False
P00473,-2052.766,-2955.2847,32.91,32.91,9-지형-POINT,39616,False
P00474,-2055.616,-2962.8847,32.9,32.9,9-지형-POINT,39618,False
P00475,-1994.066,-2961.7947,42.13,42.13,9-지형-POINT,3961A,False
P00476,-1999.406,-2960.4547,44.47,44.47,9-지형-POINT,3961C,False
P00477,-2005.246,-2959.9647,45.82,45.82,9-지형-POINT,3961E,False
P00478,-2011.266,-2954.0947,47.75,47.75,9-지형-POINT,39620,False
P00479,-2015.963,-2951.4827,47.965,47.965,9-지형-POINT,39622,False
P00480,-2011.116,-2958.3547,46.78,46.78,9-지형-POINT,39624,False
P00481,-2017.046,-2956.3047,46.48,46.48,9-지형-POINT,39626,False
P00482,-2029.789,-2975.3147,32.677,32.677,9-지형-POINT,39628,False
P00483,-2009.976,-2970.1147,38.59,38.59,9-지형-POINT,3962A,False
P00484,-2040.336,-2957.2247,37.28,37.28,9-지형-POINT,3962C,False
P00485,-2022.346,-2966.1047,39.29,39.29,9-지형-POINT,3962E,False
P00486,-2057.846,-2948.3547,36.13,36.13,9-지형-POINT,39630,False
P00487,-2065.136,-2958.0447,32.76,32.76,9-지형-POINT,39632,False
P00488,-2061.406,-2946.7547,33.04,33.04,9-지형-POINT,39634,False
P00489,-2056.466,-2952.6947,33.05,33.05,9-지형-POINT,39636,False
P00490,-2061.336,-2950.9247,32.78,32.78,9-지형-POINT,39638,False
P00491,-2082.956,-2942.0647,31.92,31.92,9-지형-POINT,3963A,False
P00492,-2082.346,-2943.7747,31.9,31.9,9-지형-POINT,3963C,False
P00493,-2092.606,-2936.4747,31.29,31.29,9-지형-POINT,3963E,False
P00494,-2097.256,-2938.7947,30.85,30.85,9-지형-POINT,39640,False
P00495,-2090.2501,-2937.1081,0.0,0.0,9-지형-POINT,39642,False
P00496,-2092.856,-2935.6447,31.1,31.1,9-지형-POINT,39644,False
P00497,-2092.976,-2935.9247,31.06,31.06,9-지형-POINT,39645,False
P00498,-2080.456,-2940.0147,33.85,33.85,9-지형-POINT,39646,False
P00499,-2035.686,-2946.3847,44.51,44.51,9-지형-POINT,39648,False
P00500,-2050.036,-2940.8347,42.34,42.34,9-지형-POINT,3964A,False
P00501,-2061.576,-2936.6147,41.07,41.07,9-지형-POINT,3964C,False
P00502,-2092.456,-2936.9547,31.13,31.13,9-지형-POINT,3964E,False
P00503,-2092.816,-2935.5047,31.21,31.21,9-지형-POINT,39650,False
P00504,-2093.206,-2936.4847,31.16,31.16,9-지형-POINT,39652,False
P00505,-2094.376,-2936.0947,31.15,31.15,9-지형-POINT,39654,False
P00506,-2093.406,-2935.7547,30.05,30.05,9-지형-POINT,39655,False
P00507,-2069.906,-2935.3747,39.17,39.17,9-지형-POINT,39657,False
P00508,-2094.076,-2935.0047,31.2,31.2,9-지형-POINT,39659,False
P00509,-2112.956,-2942.9047,29.49,29.49,9-지형-POINT,3965B,False
P00510,-2097.046,-2937.0647,30.9,30.9,9-지형-POINT,3965D,False
P00511,-2104.276,-2935.8247,30.35,30.35,9-지형-POINT,3965F,False
P00512,-2085.556,-2929.2547,39.27,39.27,9-지형-POINT,39661,False
P00513,-2105.796,-2932.5647,30.14,30.14,9-지형-POINT,39663,False
P00514,-2103.796,-2929.8247,30.25,30.25,9-지형-POINT,39665,False
P00515,-2107.236,-2935.7047,30.12,30.12,9-지형-POINT,39667,False
P00516,-2107.756,-2936.1047,29.83,29.83,9-지형-POINT,39668,False
P00517,-2108.666,-2935.5847,29.74,29.74,9-지형-POINT,3966A,False
P00518,-2115.206,-2932.3247,29.37,29.37,9-지형-POINT,3966C,False
P00519,-2094.336,-2925.6247,35.63,35.63,9-지형-POINT,3966E,False
P00520,-2114.396,-2929.8047,29.35,29.35,9-지형-POINT,39670,False
P00521,-2112.936,-2925.0547,29.79,29.79,9-지형-POINT,39672,False
P00522,-2113.386,-2926.2947,29.68,29.68,9-지형-POINT,39674,False
P00523,-2098.986,-2923.3347,35.26,35.26,9-지형-POINT,39676,False
P00524,-2114.846,-2925.8847,29.6,29.6,9-지형-POINT,39678,False
P00525,-2129.366,-2931.0147,28.33,28.33,9-지형-POINT,3967A,False
P00526,-2105.426,-2919.6347,34.33,34.33,9-지형-POINT,3967C,False
P00527,-2130.716,-2927.2247,28.71,28.71,9-지형-POINT,3967E,False
P00528,-2130.746,-2927.2347,28.71,28.71,9-지형-POINT,39680,False
P00529,-2120.116,-2942.3647,28.82,28.82,9-지형-POINT,39681,False
P00530,-2111.066,-2917.9047,33.57,33.57,9-지형-POINT,39683,False
P00531,-2132.386,-2928.2147,28.5,28.5,9-지형-POINT,39685,False
P00532,-2122.856,-2942.6147,28.55,28.55,9-지형-POINT,39687,False
P00533,-2114.856,-2918.0447,32.87,32.87,9-지형-POINT,39689,False
P00534,-2139.246,-2930.8947,27.82,27.82,9-지형-POINT,3968B,False
P00535,-2138.486,-2929.9747,27.85,27.85,9-지형-POINT,3968D,False
P00536,-2137.546,-2930.9947,27.86,27.86,9-지형-POINT,3968F,False
P00537,-2126.116,-2943.6647,28.21,28.21,9-지형-POINT,39690,False
P00538,-2119.816,-2919.7247,31.81,31.81,9-지형-POINT,39692,False
P00539,-2138.386,-2931.0247,26.59,26.59,9-지형-POINT,39694,False
P00540,-2127.656,-2944.6247,28.01,28.01,9-지형-POINT,39696,False
P00541,-2125.756,-2922.6147,30.35,30.35,9-지형-POINT,39698,False
P00542,-2139.566,-2936.9447,27.35,27.35,9-지형-POINT,3969A,False
P00543,-2135.616,-2951.8447,26.76,26.76,9-지형-POINT,3969C,False
P00544,-2146.426,-2938.0747,26.47,26.47,9-지형-POINT,3969E,False
P00545,-2132.426,-2926.2847,28.88,28.88,9-지형-POINT,396A0,False
P00546,-2144.046,-2939.6847,26.78,26.78,9-지형-POINT,396A2,False
P00547,-2139.656,-2956.3947,26.16,26.16,9-지형-POINT,396A4,False
P00548,-2135.886,-2928.6847,28.07,28.07,9-지형-POINT,396A6,False
P00549,-2146.836,-2943.6847,26.18,26.18,9-지형-POINT,396A8,False
P00550,-2155.706,-2948.4647,25.13,25.13,9-지형-POINT,396AA,False
P00551,-2137.916,-2930.4547,27.68,27.68,9-지형-POINT,396AC,False
P00552,-2138.136,-2930.1947,27.68,27.68,9-지형-POINT,396AE,False
P00553,-2158.156,-2946.2447,25.33,25.33,9-지형-POINT,396AF,False
P00554,-2149.956,-2941.7047,26.09,26.09,9-지형-POINT,396B1,False
P00555,-2158.536,-2945.3647,25.22,25.22,9-지형-POINT,396B3,False
P00556,-2141.116,-2934.3247,27.37,27.37,9-지형-POINT,396B5,False
P00557,-2151.986,-2938.8847,25.52,25.52,9-지형-POINT,396B7,False
P00558,-2149.076,-2941.3947,26.1,26.1,9-지형-POINT,396B9,False
P00559,-2137.236,-2926.4447,28.41,28.41,9-지형-POINT,396BB,False
P00560,-2163.606,-2945.3047,25.01,25.01,9-지형-POINT,396BD,False
P00561,-2162.846,-2946.4347,25.02,25.02,9-지형-POINT,396BF,False
P00562,-2129.056,-2918.2047,31.13,31.13,9-지형-POINT,396C1,False
P00563,-2174.916,-2953.0047,24.87,24.87,9-지형-POINT,396C3,False
P00564,-2122.376,-2913.2847,32.88,32.88,9-지형-POINT,396C5,False
P00565,-2170.656,-2951.6747,24.86,24.86,9-지형-POINT,396C7,False
P00566,-2173.796,-2955.1747,24.87,24.87,9-지형-POINT,396C9,False
P00567,-2165.946,-2948.5947,24.85,24.85,9-지형-POINT,396CB,False
P00568,-2163.116,-2944.2647,25.01,25.01,9-지형-POINT,396CD,False
P00569,-2162.576,-2941.4547,24.97,24.97,9-지형-POINT,396CF,False
P00570,-2162.696,-2940.7147,24.84,24.84,9-지형-POINT,396D1,False
P00571,-2121.756,-2902.5547,32.29,32.29,9-지형-POINT,396D3,False
P00572,-2153.866,-2937.4347,25.38,25.38,9-지형-POINT,396D5,False
P00573,-2160.526,-2934.7147,25.19,25.19,9-지형-POINT,396D7,False
P00574,-2147.346,-2937.1347,26.15,26.15,9-지형-POINT,396D9,False
P00575,-2119.156,-2892.7147,32.36,32.36,9-지형-POINT,396DB,False
P00576,-2144.556,-2933.8247,25.63,25.63,9-지형-POINT,396DD,False
P00577,-2164.136,-2930.0447,25.08,25.08,9-지형-POINT,396DF,False
P00578,-2145.826,-2934.9747,25.69,25.69,9-지형-POINT,396E1,False
P00579,-2118.286,-2886.4447,32.47,32.47,9-지형-POINT,396E3,False
P00580,-2143.526,-2923.8747,25.25,25.25,9-지형-POINT,396E5,False
P00581,-2176.866,-2919.9547,24.92,24.92,9-지형-POINT,396E7,False
P00582,-2151.466,-2918.6647,25.12,25.12,9-지형-POINT,396E9,False
P00583,-2179.246,-2917.2947,24.76,24.76,9-지형-POINT,396EB,False
P00584,-2141.836,-2912.9147,25.15,25.15,9-지형-POINT,396ED,False
P00585,-2176.976,-2918.8247,24.91,24.91,9-지형-POINT,396EF,False
P00586,-2140.256,-2908.8547,25.34,25.34,9-지형-POINT,396F1,False
P00587,-2134.056,-2878.6147,25.87,25.87,9-지형-POINT,396F3,False
P00588,-2140.396,-2902.6847,25.29,25.29,9-지형-POINT,396F5,False
P00589,-2178.166,-2916.1047,24.93,24.93,9-지형-POINT,396F7,False
P00590,-2147.026,-2897.8347,25.08,25.08,9-지형-POINT,396F9,False
P00591,-2177.636,-2913.0547,24.91,24.91,9-지형-POINT,396FB,False
P00592,-2137.386,-2890.9247,25.14,25.14,9-지형-POINT,396FD,False
P00593,-2175.736,-2910.5347,24.96,24.96,9-지형-POINT,396FF,False
P00594,-2139.176,-2889.7347,25.08,25.08,9-지형-POINT,39701,False
P00595,-2173.266,-2907.8547,24.98,24.98,9-지형-POINT,39703,False
P00596,-2118.936,-2880.4647,30.69,30.69,9-지형-POINT,39705,False
P00597,-2138.596,-2887.3147,25.15,25.15,9-지형-POINT,39707,False
P00598,-2170.426,-2910.9947,24.91,24.91,9-지형-POINT,39709,False
P00599,-2138.736,-2889.2047,25.06,25.06,9-지형-POINT,3970B,False
P00600,-2138.736,-2889.2047,25.06,25.06,9-지형-POINT,3970D,False
P00601,-2169.516,-2913.6347,24.92,24.92,9-지형-POINT,3970F,False
P00602,-2140.096,-2888.0147,25.04,25.04,9-지형-POINT,39711,False
P00603,-2140.096,-2888.0147,25.04,25.04,9-지형-POINT,39713,False
P00604,-2170.176,-2916.6347,24.95,24.95,9-지형-POINT,39715,False
P00605,-2108.126,-2888.1747,33.17,33.17,9-지형-POINT,39717,False
P00606,-2142.076,-2889.6247,25.06,25.06,9-지형-POINT,39719,False
P00607,-2171.126,-2918.1047,24.95,24.95,9-지형-POINT,3971B,False
P00608,-2170.456,-2918.1047,24.93,24.93,9-지형-POINT,3971D,False
P00609,-2145.026,-2890.1047,25.1,25.1,9-지형-POINT,3971F,False
P00610,-2164.216,-2922.6347,25.0,25.0,9-지형-POINT,39721,False
P00611,-2147.406,-2889.1747,25.1,25.1,9-지형-POINT,39723,False
P00612,-2103.126,-2888.0647,33.49,33.49,9-지형-POINT,39725,False
P00613,-2149.136,-2886.7247,25.09,25.09,9-지형-POINT,39727,False
P00614,-2146.056,-2886.9547,25.42,25.42,9-지형-POINT,39729,False
P00615,-2162.556,-2924.9847,25.11,25.11,9-지형-POINT,3972B,False
P00616,-2142.796,-2885.9147,25.48,25.48,9-지형-POINT,3972D,False
P00617,-2160.366,-2926.1947,25.11,25.11,9-지형-POINT,3972F,False
P00618,-2145.536,-2884.7447,25.44,25.44,9-지형-POINT,39731,False
P00619,-2160.066,-2926.9647,25.11,25.11,9-지형-POINT,39733,False
P00620,-2143.946,-2883.4847,25.36,25.36,9-지형-POINT,39735,False
P00621,-2157.796,-2927.8047,25.17,25.17,9-지형-POINT,39737,False
P00622,-2149.346,-2884.1847,25.05,25.05,9-지형-POINT,39739,False
P00623,-2149.346,-2884.1847,25.05,25.05,9-지형-POINT,3973B,False
P00624,-2173.916,-2917.7547,24.95,24.95,9-지형-POINT,3973D,False
P00625,-2176.246,-2917.5747,24.92,24.92,9-지형-POINT,3973F,False
P00626,-2151.286,-2884.6647,24.94,24.94,9-지형-POINT,39741,False
P00627,-2177.376,-2915.4947,24.93,24.93,9-지형-POINT,39743,False
P00628,-2176.476,-2918.0847,24.89,24.89,9-지형-POINT,39745,False
P00629,-2151.156,-2884.0347,24.86,24.86,9-지형-POINT,39747,False
P00630,-2173.926,-2908.1647,24.97,24.97,9-지형-POINT,39749,False
P00631,-2149.146,-2882.2647,25.01,25.01,9-지형-POINT,3974B,False
P00632,-2179.746,-2914.3747,24.76,24.76,9-지형-POINT,3974D,False
P00633,-2179.196,-2916.8147,24.76,24.76,9-지형-POINT,3974F,False
P00634,-2152.546,-2883.0147,24.69,24.69,9-지형-POINT,39751,False
P00635,-2179.436,-2913.6947,24.77,24.77,9-지형-POINT,39753,False
P00636,-2171.236,-2936.1747,20.13,20.13,9-지형-POINT,39755,False
P00637,-2181.405,-2939.8587,19.245,19.245,9-지형-POINT,39757,False
P00638,-2098.406,-2924.5747,35.15,35.15,9-지형-POINT,39759,False
P00639,-2170.606,-2934.3247,20.24,20.24,9-지형-POINT,3975B,False
P00640,-2108.236,-2919.6647,34.05,34.05,9-지형-POINT,3975D,False
P00641,-2180.296,-2927.7647,19.0,19.0,9-지형-POINT,3975F,False
P00642,-2113.816,-2919.9247,32.9,32.9,9-지형-POINT,39761,False
P00643,-2124.336,-2923.2847,30.41,30.41,9-지형-POINT,39763,False
P00644,-2199.116,-2920.9047,16.95,16.95,9-지형-POINT,39765,False
P00645,-2199.626,-2918.5547,16.85,16.85,9-지형-POINT,39767,False
P00646,-2213.826,-2925.1647,16.29,16.29,9-지형-POINT,39769,False
P00647,-2210.726,-2927.7547,16.31,16.31,9-지형-POINT,3976B,False
P00648,-2203.366,-2917.0247,16.41,16.41,9-지형-POINT,3976D,False
P00649,-2201.156,-2914.3747,16.43,16.43,9-지형-POINT,3976F,False
P00650,-2218.716,-2923.3647,16.14,16.14,9-지형-POINT,39771,False
P00651,-2206.156,-2916.3347,16.41,16.41,9-지형-POINT,39773,False
P00652,-2193.076,-2905.9747,16.49,16.49,9-지형-POINT,39775,False
P00653,-2207.596,-2912.4347,16.35,16.35,9-지형-POINT,39777,False
P00654,-2206.676,-2914.7347,16.34,16.34,9-지형-POINT,39779,False
P00655,-2182.466,-2895.4347,16.56,16.56,9-지형-POINT,3977B,False
P00656,-2204.126,-2911.6347,16.39,16.39,9-지형-POINT,3977D,False
P00657,-2163.776,-2872.1847,16.8,16.8,9-지형-POINT,3977F,False
P00658,-2202.646,-2904.5047,16.49,16.49,9-지형-POINT,39781,False
P00659,-2157.626,-2868.8147,16.9,16.9,9-지형-POINT,39783,False
P00660,-2157.866,-2869.0147,16.89,16.89,9-지형-POINT,39785,False
P00661,-2158.806,-2868.1247,16.89,16.89,9-지형-POINT,39787,False
P00662,-2202.336,-2902.3047,16.16,16.16,9-지형-POINT,39789,False
P00663,-2157.866,-2867.3147,16.91,16.91,9-지형-POINT,3978B,False
P00664,-2186.736,-2894.1647,16.54,16.54,9-지형-POINT,3978D,False
P00665,-2191.846,-2897.5247,16.58,16.58,9-지형-POINT,3978F,False
P00666,-2145.246,-2871.9047,21.5,21.5,9-지형-POINT,39791,False
P00667,-2139.956,-2875.8647,24.37,24.37,9-지형-POINT,39793,False
P00668,-2145.556,-2872.6247,21.51,21.51,9-지형-POINT,39795,False
P00669,-2150.016,-2870.8147,19.75,19.75,9-지형-POINT,39797,False
P00670,-2157.196,-2868.4447,16.99,16.99,9-지형-POINT,39799,False
P00671,-2153.986,-2867.8147,18.18,18.18,9-지형-POINT,3979B,False
P00672,-2156.736,-2867.6947,17.01,17.01,9-지형-POINT,3979D,False
P00673,-2159.836,-2865.1247,16.91,16.91,9-지형-POINT,3979F,False
P00674,-2159.786,-2864.9747,17.04,17.04,9-지형-POINT,397A1,False
P00675,-2167.926,-2860.6147,15.0,15.0,9-지형-POINT,397A3,False
P00676,-2176.796,-2881.3447,16.66,16.66,9-지형-POINT,397A5,False
P00677,-2163.136,-2862.0047,16.67,16.67,9-지형-POINT,397A7,False
P00678,-2168.186,-2867.3347,16.85,16.85,9-지형-POINT,397A9,False
P00679,-2159.626,-2851.5847,17.16,17.16,9-지형-POINT,397AB,False
P00680,-2157.896,-2868.1847,15.84,15.84,9-지형-POINT,397AD,False
P00681,-2155.776,-2848.2847,17.45,17.45,9-지형-POINT,397AF,False
P00682,-2153.196,-2861.9647,17.11,17.11,9-지형-POINT,397B1,False
P00683,-2155.616,-2860.5647,17.04,17.04,9-지형-POINT,397B3,False
P00684,-2150.726,-2852.6047,17.5,17.5,9-지형-POINT,397B5,False
P00685,-2148.456,-2853.9947,17.48,17.48,9-지형-POINT,397B7,False
P00686,-2150.636,-2842.9747,17.54,17.54,9-지형-POINT,397B9,False
P00687,-2143.016,-2842.7047,17.78,17.78,9-지형-POINT,397BB,False
P00688,-2145.466,-2841.5647,17.76,17.76,9-지형-POINT,397BD,False
P00689,-2142.136,-2833.4447,17.67,17.67,9-지형-POINT,397BF,False
P00690,-2147.326,-2831.0447,17.14,17.14,9-지형-POINT,397C1,False
P00691,-2139.286,-2834.4547,17.76,17.76,9-지형-POINT,397C3,False
P00692,-2139.926,-2826.2147,17.62,17.62,9-지형-POINT,397C5,False
P00693,-2147.886,-2822.9847,17.15,17.15,9-지형-POINT,397C7,False
P00694,-2136.836,-2826.9747,17.62,17.62,9-지형-POINT,397C9,False
P00695,-2134.576,-2818.6947,17.52,17.52,9-지형-POINT,397CB,False
P00696,-2143.806,-2810.6947,17.51,17.51,9-지형-POINT,397CD,False
P00697,-2137.106,-2817.7747,17.58,17.58,9-지형-POINT,397CF,False
P00698,-2127.536,-2832.4147,21.33,21.33,9-지형-POINT,397D1,False
P00699,-2131.586,-2803.5847,17.6,17.6,9-지형-POINT,397D3,False
P00700,-2140.516,-2804.5647,17.43,17.43,9-지형-POINT,397D5,False
P00701,-2129.036,-2804.0147,17.47,17.47,9-지형-POINT,397D7,False
P00702,-2112.026,-2837.1747,24.5,24.5,9-지형-POINT,397D9,False
P00703,-2126.676,-2798.5447,17.61,17.61,9-지형-POINT,397DB,False
P00704,-2118.586,-2821.3247,22.66,22.66,9-지형-POINT,397DD,False
P00705,-2128.976,-2797.5747,17.67,17.67,9-지형-POINT,397DF,False
P00706,-2104.786,-2820.4547,26.23,26.23,9-지형-POINT,397E1,False
P00707,-2121.896,-2787.0147,17.85,17.85,9-지형-POINT,397E3,False
P00708,-2133.686,-2793.1547,17.59,17.59,9-지형-POINT,397E5,False
P00709,-2100.326,-2807.0647,25.66,25.66,9-지형-POINT,397E7,False
P00710,-2127.876,-2782.9347,17.43,17.43,9-지형-POINT,397E9,False
P00711,-2117.046,-2770.1047,18.26,18.26,9-지형-POINT,397EB,False
P00712,-2111.296,-2801.9947,23.73,23.73,9-지형-POINT,397ED,False
P00713,-2117.506,-2779.6847,18.0,18.0,9-지형-POINT,397EF,False
P00714,-2118.996,-2776.7947,17.9,17.9,9-지형-POINT,397F1,False
P00715,-2108.916,-2754.9747,18.13,18.13,9-지형-POINT,397F3,False
P00716,-2108.076,-2773.5047,18.26,18.26,9-지형-POINT,397F5,False
P00717,-2095.316,-2797.6547,25.88,25.88,9-지형-POINT,397F7,False
P00718,-2110.326,-2763.7047,18.29,18.29,9-지형-POINT,397F9,False
P00719,-2100.426,-2747.4447,19.64,19.64,9-지형-POINT,397FB,False
P00720,-2106.756,-2766.9247,18.46,18.46,9-지형-POINT,397FD,False
P00721,-2103.626,-2791.2047,24.15,24.15,9-지형-POINT,397FF,False
P00722,-2101.046,-2760.0147,18.73,18.73,9-지형-POINT,39801,False
P00723,-2096.196,-2737.4247,21.01,21.01,9-지형-POINT,39803,False
P00724,-2098.416,-2762.1347,18.81,18.81,9-지형-POINT,39805,False
P00725,-2087.986,-2746.3547,22.17,22.17,9-지형-POINT,39807,False
P00726,-2091.816,-2755.1647,20.52,20.52,9-지형-POINT,39809,False
P00727,-2088.846,-2747.5647,21.95,21.95,9-지형-POINT,3980B,False
P00728,-2099.136,-2783.0047,24.13,24.13,9-지형-POINT,3980D,False
P00729,-2092.446,-2744.9547,21.42,21.42,9-지형-POINT,3980F,False
P00730,-2081.086,-2746.9247,23.44,23.44,9-지형-POINT,39811,False
P00731,-2096.456,-2749.8847,19.77,19.77,9-지형-POINT,39813,False
P00732,-2103.946,-2758.2147,18.49,18.49,9-지형-POINT,39815,False
P00733,-2063.316,-2743.3647,26.03,26.03,9-지형-POINT,39817,False
P00734,-2082.076,-2742.6347,23.87,23.87,9-지형-POINT,39819,False
P00735,-2057.306,-2746.9347,27.69,27.69,9-지형-POINT,3981B,False
P00736,-2087.086,-2736.9047,24.48,24.48,9-지형-POINT,3981D,False
P00737,-2082.976,-2774.8047,25.68,25.68,9-지형-POINT,3981F,False
P00738,-2053.636,-2742.7047,27.4,27.4,9-지형-POINT,39821,False
P00739,-2087.096,-2734.4347,24.56,24.56,9-지형-POINT,39823,False
P00740,-2086.116,-2732.2847,24.54,24.54,9-지형-POINT,39825,False
P00741,-2047.386,-2749.4547,27.48,27.48,9-지형-POINT,39827,False
P00742,-2083.276,-2764.7247,25.29,25.29,9-지형-POINT,39829,False
P00743,-2044.336,-2755.1347,29.67,29.67,9-지형-POINT,3982B,False
P00744,-2072.716,-2719.1847,24.65,24.65,9-지형-POINT,3982D,False
P00745,-2071.266,-2764.3847,26.67,26.67,9-지형-POINT,3982F,False
P00746,-2065.046,-2728.2147,24.71,24.71,9-지형-POINT,39831,False
P00747,-2036.016,-2760.7347,30.04,30.04,9-지형-POINT,39833,False
P00748,-2064.236,-2730.5347,24.36,24.36,9-지형-POINT,39835,False
P00749,-2070.296,-2745.8847,26.35,26.35,9-지형-POINT,39837,False
P00750,-2060.226,-2734.7947,24.67,24.67,9-지형-POINT,39839,False
P00751,-2034.776,-2765.6547,33.14,33.14,9-지형-POINT,3983B,False
P00752,-2062.056,-2736.5647,24.94,24.94,9-지형-POINT,3983D,False
P00753,-2070.086,-2738.8547,25.21,25.21,9-지형-POINT,3983F,False
P00754,-2074.786,-2741.5547,24.73,24.73,9-지형-POINT,39841,False
P00755,-2080.116,-2744.9547,23.71,23.71,9-지형-POINT,39843,False
P00756,-2070.806,-2731.5947,29.37,29.37,9-지형-POINT,39845,False
P00757,-2075.836,-2725.9847,29.36,29.36,9-지형-POINT,39846,False
P00758,-2084.636,-2734.0747,29.35,29.35,9-지형-POINT,39847,False
P00759,-2083.586,-2736.7947,28.97,28.97,9-지형-POINT,39848,False
P00760,-2082.256,-2738.2347,28.97,28.97,9-지형-POINT,39849,False
P00761,-2073.356,-2727.7047,29.1,29.1,9-지형-POINT,3984A,False
P00762,-2068.846,-2732.4947,28.76,28.76,9-지형-POINT,3984B,False
P00763,-2065.616,-2729.2847,28.77,28.77,9-지형-POINT,3984C,False
P00764,-2034.996,-2748.4947,28.21,28.21,9-지형-POINT,3984D,False
P00765,-2040.536,-2743.9047,26.91,26.91,9-지형-POINT,3984F,False
P00766,-2063.136,-2736.4747,25.18,25.18,9-지형-POINT,39851,False
P00767,-2062.186,-2735.5347,25.18,25.18,9-지형-POINT,39853,False
P00768,-2045.206,-2739.9747,26.73,26.73,9-지형-POINT,39855,False
P00769,-2066.236,-2731.5347,25.18,25.18,9-지형-POINT,39857,False
P00770,-2052.406,-2739.3947,27.26,27.26,9-지형-POINT,39859,False
P00771,-2052.146,-2730.9447,22.73,22.73,9-지형-POINT,3985B,False
P00772,-2058.696,-2741.0047,27.72,27.72,9-지형-POINT,3985D,False
P00773,-2054.716,-2747.3547,27.59,27.59,9-지형-POINT,3985F,False
P00774,-2041.946,-2728.8347,21.35,21.35,9-지형-POINT,39861,False
P00775,-2050.746,-2753.7347,28.07,28.07,9-지형-POINT,39863,False
P00776,-2041.156,-2751.7747,27.71,27.71,9-지형-POINT,39865,False
P00777,-2045.866,-2719.5647,19.67,19.67,9-지형-POINT,39867,False
P00778,-2032.496,-2725.3047,21.16,21.16,9-지형-POINT,39869,False
P00779,-2044.166,-2715.9847,19.24,19.24,9-지형-POINT,3986B,False
P00780,-2036.926,-2738.1747,24.87,24.87,9-지형-POINT,3986D,False
P00781,-2025.546,-2710.6747,18.09,18.09,9-지형-POINT,3986F,False
P00782,-2022.606,-2722.9047,21.02,21.02,9-지형-POINT,39871,False
P00783,-2029.816,-2735.6147,25.04,25.04,9-지형-POINT,39873,False
P00784,-2018.416,-2734.6447,25.32,25.32,9-지형-POINT,39875,False
P00785,-2015.756,-2703.9947,17.41,17.41,9-지형-POINT,39877,False
P00786,-2014.656,-2727.2247,23.35,23.35,9-지형-POINT,39879,False
P00787,-2014.026,-2737.2447,25.74,25.74,9-지형-POINT,3987B,False
P00788,-2007.196,-2706.6047,17.25,17.25,9-지형-POINT,3987D,False
P00789,-2000.116,-2720.1847,22.38,22.38,9-지형-POINT,3987F,False
P00790,-2012.026,-2740.4947,27.78,27.78,9-지형-POINT,39881,False
P00791,-2001.736,-2709.7347,17.16,17.16,9-지형-POINT,39883,False
P00792,-2000.126,-2708.4747,17.2,17.2,9-지형-POINT,39885,False
P00793,-1999.996,-2709.1047,15.86,15.86,9-지형-POINT,39887,False
P00794,-2002.956,-2730.6447,25.74,25.74,9-지형-POINT,39889,False
P00795,-1997.476,-2711.3547,17.51,17.51,9-지형-POINT,3988B,False
P00796,-1990.556,-2730.0447,25.98,25.98,9-지형-POINT,3988D,False
P00797,-1981.146,-2719.0347,20.77,20.77,9-지형-POINT,3988F,False
P00798,-1960.056,-2715.8647,21.3,21.3,9-지형-POINT,39891,False
P00799,-1952.216,-2705.9847,20.93,20.93,9-지형-POINT,39893,False
P00800,-1948.456,-2702.2947,21.53,21.53,9-지형-POINT,39895,False
P00801,-1944.486,-2718.5947,25.81,25.81,9-지형-POINT,39897,False
P00802,-1936.306,-2700.2247,22.04,22.04,9-지형-POINT,39899,False
P00803,-1932.506,-2718.4547,26.93,26.93,9-지형-POINT,3989B,False
P00804,-1959.706,-2698.6747,18.14,18.14,9-지형-POINT,3989D,False
P00805,-1920.246,-2699.7247,22.82,22.82,9-지형-POINT,3989F,False
P00806,-1923.336,-2724.6147,28.1,28.1,9-지형-POINT,398A1,False
P00807,-1949.536,-2691.5447,17.62,17.62,9-지형-POINT,398A3,False
P00808,-1912.316,-2696.5247,23.25,23.25,9-지형-POINT,398A5,False
P00809,-1938.386,-2685.3447,17.66,17.66,9-지형-POINT,398A7,False
P00810,-1909.626,-2717.0747,28.09,28.09,9-지형-POINT,398A9,False
P00811,-1894.536,-2708.3147,27.87,27.87,9-지형-POINT,398AB,False
P00812,-1898.476,-2687.9447,23.91,23.91,9-지형-POINT,398AD,False
P00813,-1926.006,-2680.8647,15.26,15.26,9-지형-POINT,398AF,False
P00814,-1879.036,-2705.3647,28.23,28.23,9-지형-POINT,398B1,False
P00815,-1915.906,-2677.0747,15.78,15.78,9-지형-POINT,398B3,False
P00816,-1891.486,-2686.8347,23.58,23.58,9-지형-POINT,398B5,False
P00817,-1867.676,-2695.3047,27.44,27.44,9-지형-POINT,398B7,False
P00818,-1849.286,-2699.1347,30.07,30.07,9-지형-POINT,398B9,False
P00819,-1883.816,-2689.7647,23.14,23.14,9-지형-POINT,398BB,False
P00820,-1909.636,-2673.4247,15.59,15.59,9-지형-POINT,398BD,False
P00821,-1845.236,-2712.3747,33.17,33.17,9-지형-POINT,398BF,False
P00822,-1873.166,-2685.8647,22.73,22.73,9-지형-POINT,398C1,False
P00823,-1901.186,-2679.7747,20.1,20.1,9-지형-POINT,398C3,False
P00824,-1833.276,-2701.6447,32.21,32.21,9-지형-POINT,398C5,False
P00825,-1835.716,-2691.4147,30.85,30.85,9-지형-POINT,398C7,False
P00826,-1866.066,-2680.1947,23.64,23.64,9-지형-POINT,398C9,False
P00827,-1816.326,-2682.1947,31.39,31.39,9-지형-POINT,398CB,False
P00828,-1895.486,-2670.7747,17.27,17.27,9-지형-POINT,398CD,False
P00829,-1863.806,-2684.1247,26.11,26.11,9-지형-POINT,398CF,False
P00830,-1810.796,-2698.8847,34.07,34.07,9-지형-POINT,398D1,False
P00831,-1801.656,-2677.8647,31.28,31.28,9-지형-POINT,398D3,False
P00832,-1797.096,-2685.4347,32.11,32.11,9-지형-POINT,398D5,False
P00833,-1857.656,-2688.8747,26.88,26.88,9-지형-POINT,398D7,False
P00834,-1788.936,-2673.9647,30.54,30.54,9-지형-POINT,398D9,False
P00835,-1786.596,-2680.6347,30.93,30.93,9-지형-POINT,398DB,False
P00836,-1847.286,-2678.9647,27.36,27.36,9-지형-POINT,398DD,False
P00837,-1876.386,-2657.8047,16.47,16.47,9-지형-POINT,398DF,False
P00838,-1838.746,-2669.0247,25.99,25.99,9-지형-POINT,398E1,False
P00839,-1827.956,-2664.4947,25.85,25.85,9-지형-POINT,398E3,False
P00840,-1862.676,-2651.9147,17.69,17.69,9-지형-POINT,398E5,False
P00841,-1800.016,-2681.5147,31.61,31.61,9-지형-POINT,398E7,False
P00842,-1814.416,-2659.6347,25.55,25.55,9-지형-POINT,398E9,False
P00843,-1846.726,-2654.9547,21.04,21.04,9-지형-POINT,398EB,False
P00844,-1814.956,-2702.4247,33.95,33.95,9-지형-POINT,398ED,False
P00845,-1801.506,-2650.7347,24.65,24.65,9-지형-POINT,398EF,False
P00846,-1836.526,-2713.7347,33.92,33.92,9-지형-POINT,398F1,False
P00847,-1854.646,-2715.6347,32.47,32.47,9-지형-POINT,398F3,False
P00848,-1800.116,-2661.5047,27.34,27.34,9-지형-POINT,398F5,False
P00849,-1865.356,-2722.2347,32.79,32.79,9-지형-POINT,398F7,False
P00850,-1880.796,-2728.5447,33.12,33.12,9-지형-POINT,398F9,False
P00851,-1801.126,-2668.5947,27.99,27.99,9-지형-POINT,398FB,False
P00852,-1895.796,-2735.1847,32.95,32.95,9-지형-POINT,398FD,False
P00853,-1897.726,-2729.7547,31.88,31.88,9-지형-POINT,398FF,False
P00854,-1798.086,-2675.2647,30.89,30.89,9-지형-POINT,39901,False
P00855,-1911.736,-2741.3047,32.47,32.47,9-지형-POINT,39903,False
P00856,-1911.836,-2749.6547,33.92,33.92,9-지형-POINT,39905,False
P00857,-1798.036,-2675.2447,30.87,30.87,9-지형-POINT,39907,False
P00858,-1924.026,-2757.1747,34.12,34.12,9-지형-POINT,39909,False
P00859,-1799.406,-2686.0347,32.19,32.19,9-지형-POINT,3990B,False
P00860,-1936.476,-2742.6547,30.62,30.62,9-지형-POINT,3990D,False
P00861,-1819.916,-2688.6447,31.89,31.89,9-지형-POINT,3990F,False
P00862,-1823.816,-2684.6447,31.15,31.15,9-지형-POINT,39911,False
P00863,-1824.686,-2682.1947,29.37,29.37,9-지형-POINT,39913,False
P00864,-1841.896,-2697.2547,30.9,30.9,9-지형-POINT,39915,False
P00865,-1852.036,-2706.9247,30.82,30.82,9-지형-POINT,39917,False
P00866,-1859.426,-2696.2747,28.38,28.38,9-지형-POINT,39919,False
P00867,-1979.106,-2753.8847,33.57,33.57,9-지형-POINT,3991B,False
P00868,-1981.236,-2757.3147,33.84,33.84,9-지형-POINT,3991D,False
P00869,-1874.216,-2706.4147,28.56,28.56,9-지형-POINT,3991F,False
P00870,-1904.626,-2716.1547,28.45,28.45,9-지형-POINT,39921,False
P00871,-1908.256,-2706.0247,27.36,27.36,9-지형-POINT,39923,False
P00872,-1923.776,-2707.5147,26.4,26.4,9-지형-POINT,39925,False
P00873,-2018.776,-2750.2347,29.78,29.78,9-지형-POINT,39927,False
P00874,-1734.678,-2688.5797,27.938,27.938,9-지형-POINT,39BA1,False
P00875,-1719.391,-2654.9717,27.423,27.423,9-지형-POINT,39BA2,False
P00876,-1779.448,-2693.7617,34.07,34.07,9-지형-POINT,39BA3,False
P00877,-1730.506,-2770.7537,33.684,33.684,9-지형-POINT,39BA4,False
P00878,-1757.426,-2824.7677,36.71,36.71,9-지형-POINT,39BA5,False
P00879,-1787.191,-2837.1117,37.345,37.345,9-지형-POINT,39BA6,False
P00880,-1828.98,-2886.3317,34.543,34.543,9-지형-POINT,39BA7,False
P00881,-1867.904,-2944.1727,28.645,28.645,9-지형-POINT,39BA8,False
P00882,-1898.236,-2966.4907,26.078,26.078,9-지형-POINT,39BA9,False
P00883,-1947.469,-2996.2857,24.689,24.689,9-지형-POINT,39BAA,False
P00884,-2030.877,-2967.3257,32.866,32.866,9-지형-POINT,39BAB,False
P00885,-2110.996,-2931.9557,29.798,29.798,9-지형-POINT,39BAC,False
P00886,-2167.16,-2924.1057,25.06,25.06,9-지형-POINT,39BAD,False
P00887,-2179.585,-2914.9997,24.896,24.896,9-지형-POINT,39BAE,False
P00888,-2210.33,-2921.0257,16.36,16.36,9-지형-POINT,39BAF,False
P00889,-2159.444,-2870.0117,16.916,16.916,9-지형-POINT,39BB0,False
P00890,-2136.67,-2825.6007,17.66,17.66,9-지형-POINT,39BB1,False
P00891,-2114.582,-2771.3127,18.314,18.314,9-지형-POINT,39BB2,False
P00892,-2082.551,-2734.3117,27.85,27.85,9-지형-POINT,39BB3,False
P00893,-2067.084,-2729.1727,27.272,27.272,9-지형-POINT,39BB4,False
P00894,-1804.544,-2719.2127,37.924,37.924,9-지형-POINT,39BB5,False
P00895,-1865.854,-2758.2717,41.738,41.738,9-지형-POINT,39BB6,False
P00896,-1920.748,-2779.0237,39.548,39.548,9-지형-POINT,39BB7,False
P00897,-2017.64,-2776.2187,36.827,36.827,9-지형-POINT,39BB8,False
P00898,-2059.92,-2829.5187,35.805,35.805,9-지형-POINT,39BB9,False
P00899,-2067.728,-2889.1787,39.544,39.544,9-지형-POINT,39BBA,False
P00900,-1783.146,-2691.1247,34.04,34.04,9-지형-POINT,39BBB,False
P00901,-1777.376,-2689.6647,33.35,33.35,9-지형-POINT,39BBD,False
P00902,-1777.106,-2692.9647,33.54,33.54,9-지형-POINT,39BBE,False
P00903,-1775.746,-2695.8147,33.55,33.55,9-지형-POINT,39BC0,False
P00904,-1783.876,-2697.9247,35.29,35.29,9-지형-POINT,39BC1,False
P00905,-1781.756,-2700.1347,35.21,35.21,9-지형-POINT,39BC3,False
P00906,-1789.626,-2703.1547,36.32,36.32,9-지형-POINT,39BC5,False
P00907,-1787.596,-2704.9047,36.19,36.19,9-지형-POINT,39BC7,False
P00908,-1792.416,-2709.5147,36.94,36.94,9-지형-POINT,39BC9,False
P00909,-1793.826,-2707.3047,36.81,36.81,9-지형-POINT,39BCB,False
P00910,-1804.226,-2717.6647,37.74,37.74,9-지형-POINT,39BCD,False
P00911,-1799.486,-2710.4147,37.44,37.44,9-지형-POINT,39BCF,False
P00912,-1808.116,-2715.7447,37.78,37.78,9-지형-POINT,39BD1,False
P00913,-1815.266,-2720.5947,37.96,37.96,9-지형-POINT,39BD3,False
P00914,-1812.516,-2724.9247,38.3,38.3,9-지형-POINT,39BD5,False
P00915,-1820.486,-2729.9547,38.55,38.55,9-지형-POINT,39BD7,False
P00916,-1767.996,-2739.3247,50.96,50.96,9-지형-POINT,39BD9,False
P00917,-1824.956,-2728.7047,38.33,38.33,9-지형-POINT,39BDB,False
P00918,-1838.086,-2739.5747,38.86,38.86,9-지형-POINT,39BDD,False
P00919,-1770.706,-2747.2847,52.53,52.53,9-지형-POINT,39BDF,False
P00920,-1834.966,-2741.4147,39.07,39.07,9-지형-POINT,39BE1,False
P00921,-1849.666,-2752.2247,40.26,40.26,9-지형-POINT,39BE3,False
P00922,-1851.336,-2749.8947,40.23,40.23,9-지형-POINT,39BE5,False
P00923,-1862.586,-2755.5247,41.51,41.51,9-지형-POINT,39BE7,False
P00924,-1861.326,-2757.2247,41.6,41.6,9-지형-POINT,39BE9,False
P00925,-1791.976,-2758.1447,52.87,52.87,9-지형-POINT,39BEB,False
P00926,-1885.696,-2763.9147,41.31,41.31,9-지형-POINT,39BED,False
P00927,-1884.636,-2766.2747,41.46,41.46,9-지형-POINT,39BEF,False
P00928,-1801.556,-2758.8547,51.57,51.57,9-지형-POINT,39BF1,False
P00929,-1806.796,-2754.5147,49.0,49.0,9-지형-POINT,39BF3,False
P00930,-1815.476,-2758.9947,49.13,49.13,9-지형-POINT,39BF5,False
P00931,-1814.006,-2765.5447,50.88,50.88,9-지형-POINT,39BF7,False
P00932,-1850.306,-2748.8247,39.9,39.9,9-지형-POINT,39BF9,False
P00933,-1812.996,-2768.6047,52.85,52.85,9-지형-POINT,39BFB,False
P00934,-1850.196,-2742.1747,39.12,39.12,9-지형-POINT,39BFD,False
P00935,-1812.396,-2777.7547,54.57,54.57,9-지형-POINT,39BFF,False
P00936,-1840.896,-2733.8547,38.54,38.54,9-지형-POINT,39C01,False
P00937,-1823.386,-2719.2947,37.29,37.29,9-지형-POINT,39C03,False
P00938,-1820.026,-2782.5147,54.78,54.78,9-지형-POINT,39C05,False
P00939,-1806.686,-2710.4347,37.55,37.55,9-지형-POINT,39C07,False
P00940,-1793.066,-2701.4447,36.39,36.39,9-지형-POINT,39C09,False
P00941,-1821.046,-2772.5647,52.5,52.5,9-지형-POINT,39C0B,False
P00942,-1788.016,-2690.0147,33.99,33.99,9-지형-POINT,39C0D,False
P00943,-1825.446,-2761.7947,48.88,48.88,9-지형-POINT,39C0F,False
P00944,-1783.066,-2687.7447,33.84,33.84,9-지형-POINT,39C11,False
P00945,-1837.896,-2767.0747,48.55,48.55,9-지형-POINT,39C13,False
P00946,-1836.756,-2771.8247,49.18,49.18,9-지형-POINT,39C15,False
P00947,-1773.476,-2690.8247,33.21,33.21,9-지형-POINT,39C17,False
P00948,-1838.766,-2779.1747,52.8,52.8,9-지형-POINT,39C19,False
P00949,-1838.046,-2783.1447,53.5,53.5,9-지형-POINT,39C1B,False
P00950,-1836.846,-2787.3747,55.52,55.52,9-지형-POINT,39C1D,False
P00951,-1847.736,-2794.4047,55.69,55.69,9-지형-POINT,39C1F,False
P00952,-1839.176,-2755.4247,42.7,42.7,9-지형-POINT,39C21,False
P00953,-1835.516,-2751.3347,41.89,41.89,9-지형-POINT,39C23,False
P00954,-1836.096,-2748.7447,41.49,41.49,9-지형-POINT,39C25,False
P00955,-1848.226,-2785.9047,52.47,52.47,9-지형-POINT,39C27,False
P00956,-1843.606,-2755.4147,42.75,42.75,9-지형-POINT,39C29,False
P00957,-1842.786,-2758.1547,43.38,43.38,9-지형-POINT,39C2B,False
P00958,-1851.556,-2756.0647,42.88,42.88,9-지형-POINT,39C2D,False
P00959,-1850.106,-2758.8747,43.08,43.08,9-지형-POINT,39C2F,False
P00960,-1872.366,-2763.9847,43.46,43.46,9-지형-POINT,39C31,False
P00961,-1856.726,-2773.6147,48.59,48.59,9-지형-POINT,39C33,False
P00962,-1870.596,-2766.8947,43.58,43.58,9-지형-POINT,39C35,False
P00963,-1885.576,-2769.0647,43.17,43.17,9-지형-POINT,39C37,False
P00964,-1870.866,-2777.7747,48.53,48.53,9-지형-POINT,39C39,False
P00965,-1883.886,-2772.0847,43.29,43.29,9-지형-POINT,39C3B,False
P00966,-1889.886,-2771.0347,42.97,42.97,9-지형-POINT,39C3D,False
P00967,-1891.986,-2773.5547,42.99,42.99,9-지형-POINT,39C3F,False
P00968,-1891.446,-2775.3847,43.17,43.17,9-지형-POINT,39C41,False
P00969,-1891.226,-2780.8447,45.18,45.18,9-지형-POINT,39C43,False
P00970,-1876.896,-2775.0247,45.26,45.26,9-지형-POINT,39C45,False
P00971,-1892.306,-2780.2047,45.16,45.16,9-지형-POINT,39C47,False
P00972,-1865.056,-2771.2047,45.48,45.48,9-지형-POINT,39C49,False
P00973,-1891.666,-2778.4547,44.88,44.88,9-지형-POINT,39C4B,False
P00974,-1851.716,-2765.6747,45.36,45.36,9-지형-POINT,39C4D,False
P00975,-1876.596,-2771.8947,45.33,45.33,9-지형-POINT,39C4F,False
P00976,-1846.116,-2762.8847,45.18,45.18,9-지형-POINT,39C51,False
P00977,-1847.896,-2761.1447,44.97,44.97,9-지형-POINT,39C53,False
P00978,-1859.136,-2765.2647,45.35,45.35,9-지형-POINT,39C55,False
P00979,-1901.086,-2769.7147,40.6,40.6,9-지형-POINT,39C57,False
P00980,-1900.226,-2773.2447,40.69,40.69,9-지형-POINT,39C59,False
P00981,-1911.486,-2777.9847,39.96,39.96,9-지형-POINT,39C5B,False
P00982,-1912.906,-2774.7947,39.87,39.87,9-지형-POINT,39C5D,False
P00983,-1921.386,-2776.8947,39.41,39.41,9-지형-POINT,39C5F,False
P00984,-1921.706,-2780.5447,39.47,39.47,9-지형-POINT,39C61,False
P00985,-1897.516,-2783.6347,44.71,44.71,9-지형-POINT,39C63,False
P00986,-1937.276,-2781.8447,38.37,38.37,9-지형-POINT,39C65,False
P00987,-1937.906,-2778.6547,38.29,38.29,9-지형-POINT,39C67,False
P00988,-1948.036,-2779.5147,37.95,37.95,9-지형-POINT,39C69,False
P00989,-1908.356,-2784.3747,43.36,43.36,9-지형-POINT,39C6B,False
P00990,-1948.546,-2783.2647,37.93,37.93,9-지형-POINT,39C6D,False
P00991,-1957.776,-2782.3647,37.95,37.95,9-지형-POINT,39C6F,False
P00992,-1917.096,-2787.9447,42.55,42.55,9-지형-POINT,39C71,False
P00993,-1957.476,-2778.0847,37.76,37.76,9-지형-POINT,39C73,False
P00994,-1915.036,-2794.0347,45.93,45.93,9-지형-POINT,39C75,False
P00995,-1974.646,-2776.8947,37.68,37.68,9-지형-POINT,39C77,False
P00996,-1974.776,-2780.2247,37.85,37.85,9-지형-POINT,39C79,False
P00997,-1906.176,-2793.2547,46.81,46.81,9-지형-POINT,39C7B,False
P00998,-1995.696,-2780.5247,37.83,37.83,9-지형-POINT,39C7D,False
P00999,-1995.756,-2777.3047,37.51,37.51,9-지형-POINT,39C7F,False
P01000,-1927.416,-2803.1947,46.41,46.41,9-지형-POINT,39C81,False
P01001,-1927.896,-2796.3647,44.48,44.48,9-지형-POINT,39C83,False
P01002,-1928.456,-2790.5847,41.8,41.8,9-지형-POINT,39C85,False
P01003,-1957.986,-2779.1747,37.71,37.71,9-지형-POINT,39C87,False
P01004,-1966.556,-2771.4947,37.15,37.15,9-지형-POINT,39C89,False
P01005,-1937.546,-2798.8947,44.42,44.42,9-지형-POINT,39C8B,False
P01006,-1982.846,-2769.3947,37.12,37.12,9-지형-POINT,39C8D,False
P01007,-2000.006,-2771.8047,36.91,36.91,9-지형-POINT,39C8F,False
P01008,-1943.256,-2796.7547,42.41,42.41,9-지형-POINT,39C91,False
P01009,-2022.386,-2773.4747,36.55,36.55,9-지형-POINT,39C93,False
P01010,-1951.286,-2797.3547,43.46,43.46,9-지형-POINT,39C95,False
P01011,-2033.976,-2777.0647,35.9,35.9,9-지형-POINT,39C97,False
P01012,-1961.156,-2796.3847,43.88,43.88,9-지형-POINT,39C99,False
P01013,-1972.336,-2793.9447,43.7,43.7,9-지형-POINT,39C9B,False
P01014,-1980.166,-2792.6447,42.64,42.64,9-지형-POINT,39C9D,False
P01015,-1981.406,-2794.5147,42.75,42.75,9-지형-POINT,39C9F,False
P01016,-1972.186,-2801.2447,44.09,44.09,9-지형-POINT,39CA1,False
P01017,-1965.776,-2803.3047,44.09,44.09,9-지형-POINT,39CA3,False
P01018,-1956.456,-2802.9347,43.69,43.69,9-지형-POINT,39CA5,False
P01019,-1946.296,-2800.4247,43.03,43.03,9-지형-POINT,39CA7,False
P01020,-1946.066,-2805.3147,46.25,46.25,9-지형-POINT,39CA9,False
P01021,-1941.156,-2794.9947,41.39,41.39,9-지형-POINT,39CAB,False
P01022,-1941.136,-2790.5647,41.04,41.04,9-지형-POINT,39CAD,False
P01023,-1937.816,-2806.2147,46.01,46.01,9-지형-POINT,39CAF,False
P01024,-1943.986,-2786.9747,40.74,40.74,9-지형-POINT,39CB1,False
P01025,-1951.186,-2809.9147,46.61,46.61,9-지형-POINT,39CB3,False
P01026,-1956.216,-2786.9947,40.77,40.77,9-지형-POINT,39CB5,False
P01027,-1969.986,-2785.4247,41.4,41.4,9-지형-POINT,39CB7,False
P01028,-1958.636,-2809.3247,47.37,47.37,9-지형-POINT,39CB9,False
P01029,-1980.386,-2784.7747,41.37,41.37,9-지형-POINT,39CBB,False
P01030,-1979.956,-2787.4847,41.69,41.69,9-지형-POINT,39CBD,False
P01031,-1974.646,-2790.8047,41.67,41.67,9-지형-POINT,39CBF,False
P01032,-1960.406,-2793.3547,41.36,41.36,9-지형-POINT,39CC1,False
P01033,-1951.666,-2795.0647,41.36,41.36,9-지형-POINT,39CC3,False
P01034,-2015.046,-2785.7947,37.55,37.55,9-지형-POINT,39CC5,False
P01035,-2013.416,-2787.9147,37.72,37.72,9-지형-POINT,39CC7,False
P01036,-2026.146,-2797.4547,37.55,37.55,9-지형-POINT,39CC9,False
P01037,-2027.636,-2795.5147,37.51,37.51,9-지형-POINT,39CCB,False
P01038,-2032.196,-2798.6447,37.53,37.53,9-지형-POINT,39CCD,False
P01039,-2033.256,-2800.9647,37.59,37.59,9-지형-POINT,39CCF,False
P01040,-2031.476,-2803.4247,37.54,37.54,9-지형-POINT,39CD1,False
P01041,-1982.496,-2793.7347,41.95,41.95,9-지형-POINT,39CD3,False
P01042,-2035.926,-2808.6147,37.06,37.06,9-지형-POINT,39CD5,False
P01043,-2037.396,-2806.4647,36.97,36.97,9-지형-POINT,39CD7,False
P01044,-1982.686,-2785.2747,41.8,41.8,9-지형-POINT,39CD9,False
P01045,-1992.166,-2787.7247,41.9,41.9,9-지형-POINT,39CDB,False
P01046,-2001.776,-2791.7647,41.59,41.59,9-지형-POINT,39CDD,False
P01047,-2009.596,-2795.1447,41.04,41.04,9-지형-POINT,39CDF,False
P01048,-2017.796,-2799.6047,40.7,40.7,9-지형-POINT,39CE1,False
P01049,-2028.796,-2807.4547,40.06,40.06,9-지형-POINT,39CE3,False
P01050,-2035.436,-2814.5247,39.63,39.63,9-지형-POINT,39CE5,False
P01051,-2039.536,-2821.7347,38.94,38.94,9-지형-POINT,39CE7,False
P01052,-2041.396,-2813.0347,35.93,35.93,9-지형-POINT,39CE9,False
P01053,-2002.336,-2809.6347,41.3,41.3,9-지형-POINT,39CEB,False
P01054,-2034.316,-2802.0847,37.54,37.54,9-지형-POINT,39CED,False
P01055,-2041.916,-2809.9247,36.03,36.03,9-지형-POINT,39CEF,False
P01056,-2043.416,-2803.9647,35.66,35.66,9-지형-POINT,39CF1,False
P01057,-2046.486,-2816.5847,36.17,36.17,9-지형-POINT,39CF3,False
P01058,-2044.166,-2818.7047,36.05,36.05,9-지형-POINT,39CF5,False
P01059,-2012.576,-2814.9047,41.14,41.14,9-지형-POINT,39CF7,False
P01060,-2055.216,-2811.1447,35.11,35.11,9-지형-POINT,39CF9,False
P01061,-2044.736,-2820.0147,36.06,36.06,9-지형-POINT,39CFB,False
P01062,-2047.866,-2819.2147,36.15,36.15,9-지형-POINT,39CFD,False
P01063,-2055.536,-2836.5447,36.36,36.36,9-지형-POINT,39CFF,False
P01064,-2053.116,-2838.5547,36.42,36.42,9-지형-POINT,39D01,False
P01065,-2061.776,-2853.4447,36.75,36.75,9-지형-POINT,39D03,False
P01066,-2059.146,-2854.4147,36.92,36.92,9-지형-POINT,39D05,False
P01067,-2063.186,-2862.2447,37.06,37.06,9-지형-POINT,39D07,False
P01068,-2060.826,-2862.8147,37.29,37.29,9-지형-POINT,39D09,False
P01069,-2027.516,-2828.7647,40.96,40.96,9-지형-POINT,39D0B,False
P01070,-2063.096,-2874.3147,39.4,39.4,9-지형-POINT,39D0D,False
P01071,-2060.476,-2874.1347,39.53,39.53,9-지형-POINT,39D0F,False
P01072,-2032.896,-2841.5847,40.74,40.74,9-지형-POINT,39D11,False
P01073,-2062.686,-2819.8347,34.76,34.76,9-지형-POINT,39D13,False
P01074,-2078.196,-2835.4747,33.65,33.65,9-지형-POINT,39D15,False
P01075,-2072.446,-2844.8947,34.91,34.91,9-지형-POINT,39D17,False
P01076,-2037.456,-2851.6747,40.65,40.65,9-지형-POINT,39D19,False
P01077,-2090.236,-2852.7147,33.06,33.06,9-지형-POINT,39D1B,False
P01078,-2084.576,-2858.5847,34.3,34.3,9-지형-POINT,39D1D,False
P01079,-2084.986,-2870.7047,35.14,35.14,9-지형-POINT,39D1F,False
P01080,-2085.396,-2876.1147,35.39,35.39,9-지형-POINT,39D21,False
P01081,-2090.536,-2888.5547,34.96,34.96,9-지형-POINT,39D23,False
P01082,-2043.336,-2868.4747,40.9,40.9,9-지형-POINT,39D25,False
P01083,-2077.346,-2889.3647,36.42,36.42,9-지형-POINT,39D27,False
P01084,-2069.236,-2876.6247,36.97,36.97,9-지형-POINT,39D29,False
P01085,-2073.056,-2873.7347,36.71,36.71,9-지형-POINT,39D2B,False
P01086,-2063.366,-2860.4147,36.88,36.88,9-지형-POINT,39D2D,False
P01087,-2064.636,-2852.5047,36.51,36.51,9-지형-POINT,39D2F,False
P01088,-2044.906,-2879.3247,41.05,41.05,9-지형-POINT,39D31,False
P01089,-2063.246,-2875.9747,39.54,39.54,9-지형-POINT,39D33,False
P01090,-2070.516,-2885.4247,38.88,38.88,9-지형-POINT,39D35,False
P01091,-2076.919,-2893.3997,36.193,36.193,9-지형-POINT,39D37,False
P01092,-2077.186,-2902.0547,38.39,38.39,9-지형-POINT,39D39,False
P01093,-2088.756,-2888.5347,35.32,35.32,9-지형-POINT,39D3B,False
P01094,-2087.796,-2890.6047,35.58,35.58,9-지형-POINT,39D3D,False
P01095,-2077.286,-2921.6947,38.37,38.37,9-지형-POINT,39D3F,False
P01096,-2080.946,-2889.8747,35.9,35.9,9-지형-POINT,39D41,False
P01097,-2085.676,-2927.7047,37.68,37.68,9-지형-POINT,39D43,False
P01098,-2076.066,-2932.2047,38.54,38.54,9-지형-POINT,39D45,False
P01099,-2075.176,-2890.9947,37.28,37.28,9-지형-POINT,39D47,False
P01100,-2068.136,-2934.6847,39.25,39.25,9-지형-POINT,39D49,False
P01101,-2062.216,-2917.5347,39.53,39.53,9-지형-POINT,39D4B,False
P01102,-2059.286,-2903.1147,39.96,39.96,9-지형-POINT,39D4D,False
P01103,-2066.646,-2905.7447,39.28,39.28,9-지형-POINT,39D4F,False
P01104,-2064.186,-2895.1947,39.66,39.66,9-지형-POINT,39D51,False
P01105,-2045.336,-2834.5447,40.24,40.24,9-지형-POINT,39D53,False
P01106,-2085.456,-2895.4947,36.11,36.11,9-지형-POINT,39D55,False
P01107,-2083.996,-2893.0847,36.05,36.05,9-지형-POINT,39D57,False
P01108,-2082.036,-2894.9547,36.1,36.1,9-지형-POINT,39D59,False
P01109,-2049.946,-2847.7847,39.95,39.95,9-지형-POINT,39D5B,False
P01110,-2082.726,-2907.0047,35.79,35.79,9-지형-POINT,39D5D,False
P01111,-2059.716,-2867.9547,39.37,39.37,9-지형-POINT,39D5F,False
P01112,-2095.836,-2899.7047,35.77,35.77,9-지형-POINT,39D61,False
P01113,-2110.186,-2887.8347,32.96,32.96,9-지형-POINT,39D63,False
P01114,-2106.846,-2900.7247,34.28,34.28,9-지형-POINT,39D65,False
P01115,-2098.746,-2911.2447,35.54,35.54,9-지형-POINT,39D67,False
P01116,-2117.286,-2901.9347,32.66,32.66,9-지형-POINT,39D69,False
P01117,-2091.746,-2927.8147,35.78,35.78,9-지형-POINT,39D6B,False
P01118,-1806.094,-2774.0807,54.911,54.911,9-지형-POINT,39D6D,False
P01119,-1788.226,-2769.1247,56.0,56.0,9-지형-POINT,39D6F,False
P01120,-1785.256,-2774.0447,55.73,55.73,9-지형-POINT,39D71,False
P01121,-1804.166,-2750.4047,47.89,47.89,9-지형-POINT,39D73,False
P01122,-1781.016,-2777.6147,54.32,54.32,9-지형-POINT,39D75,False
P01123,-1792.056,-2758.5247,52.94,52.94,9-지형-POINT,39D77,False
P01124,-1793.806,-2772.3547,56.35,56.35,9-지형-POINT,39D79,False
P01125,-1798.276,-2788.7947,55.84,55.84,9-지형-POINT,39D7B,False
P01126,-1796.996,-2793.6747,54.86,54.86,9-지형-POINT,39D7D,False
P01127,-1808.746,-2784.2747,56.34,56.34,9-지형-POINT,39D7F,False
P01128,-1810.506,-2788.6547,56.24,56.24,9-지형-POINT,39D81,False
P01129,-1820.526,-2781.7147,54.73,54.73,9-지형-POINT,39D83,False
P01130,-1820.636,-2796.5647,56.55,56.55,9-지형-POINT,39D85,False
P01131,-1831.07,-2800.6587,56.897,56.897,9-지형-POINT,39D87,False
P01132,-1841.276,-2801.2147,57.34,57.34,9-지형-POINT,39D89,False
P01133,-1849.206,-2807.4047,57.79,57.79,9-지형-POINT,39D8B,False
P01134,-1841.066,-2812.9447,56.88,56.88,9-지형-POINT,39D8D,False
P01135,-1818.936,-2806.9247,54.95,54.95,9-지형-POINT,39D8F,False
P01136,-1830.586,-2817.5347,54.36,54.36,9-지형-POINT,39D91,False
P01137,-1816.416,-2815.0047,51.43,51.43,9-지형-POINT,39D93,False
P01138,-1839.456,-2821.5747,54.59,54.59,9-지형-POINT,39D95,False
P01139,-1843.236,-2815.5247,56.79,56.79,9-지형-POINT,39D97,False
P01140,-1847.266,-2837.0247,53.01,53.01,9-지형-POINT,39D99,False
P01141,-1854.516,-2798.3247,55.83,55.83,9-지형-POINT,39D9B,False
P01142,-1853.284,-2808.8067,58.157,58.157,9-지형-POINT,39D9D,False
P01143,-1863.416,-2803.1347,56.41,56.41,9-지형-POINT,39D9F,False
P01144,-1865.076,-2815.9147,59.13,59.13,9-지형-POINT,39DA1,False
P01145,-1871.626,-2813.2947,58.56,58.56,9-지형-POINT,39DA3,False
P01146,-1857.946,-2821.6347,57.66,57.66,9-지형-POINT,39DA5,False
P01147,-1880.066,-2809.7847,57.06,57.06,9-지형-POINT,39DA7,False
P01148,-1878.136,-2824.1447,59.47,59.47,9-지형-POINT,39DA9,False
P01149,-1885.896,-2803.3447,54.15,54.15,9-지형-POINT,39DAB,False
P01150,-1873.256,-2831.7447,58.01,58.01,9-지형-POINT,39DAD,False
P01151,-1866.936,-2817.5247,59.12,59.12,9-지형-POINT,39DAF,False
P01152,-1892.203,-2834.2927,59.642,59.642,9-지형-POINT,39DB1,False
P01153,-1868.106,-2842.7047,54.76,54.76,9-지형-POINT,39DB3,False
P01154,-1874.036,-2821.8447,59.47,59.47,9-지형-POINT,39DB5,False
P01155,-1874.996,-2851.3947,53.98,53.98,9-지형-POINT,39DB7,False
P01156,-1882.006,-2821.0147,59.67,59.67,9-지형-POINT,39DB9,False
P01157,-1889.316,-2813.6347,57.61,57.61,9-지형-POINT,39DBB,False
P01158,-1890.406,-2859.2247,55.38,55.38,9-지형-POINT,39DBD,False
P01159,-1898.916,-2809.9447,54.79,54.79,9-지형-POINT,39DBF,False
P01160,-1902.136,-2865.8547,56.02,56.02,9-지형-POINT,39DC1,False
P01161,-1901.506,-2819.9847,56.71,56.71,9-지형-POINT,39DC3,False
P01162,-1896.956,-2826.8247,59.14,59.14,9-지형-POINT,39DC5,False
P01163,-1907.336,-2835.8447,58.77,58.77,9-지형-POINT,39DC7,False
P01164,-1899.436,-2841.4147,59.51,59.51,9-지형-POINT,39DC9,False
P01165,-1875.875,-2866.1307,50.645,50.645,9-지형-POINT,39DCB,False
P01166,-1891.486,-2854.8547,55.98,55.98,9-지형-POINT,39DCD,False
P01167,-1876.636,-2874.4147,48.57,48.57,9-지형-POINT,39DCF,False
P01168,-1909.956,-2852.9147,60.01,60.01,9-지형-POINT,39DD1,False
P01169,-1922.296,-2848.5047,61.43,61.43,9-지형-POINT,39DD3,False
P01170,-1916.946,-2837.6747,58.53,58.53,9-지형-POINT,39DD5,False
P01171,-1925.976,-2832.7947,55.24,55.24,9-지형-POINT,39DD7,False
P01172,-1925.866,-2826.8247,54.4,54.4,9-지형-POINT,39DD9,False
P01173,-1934.516,-2846.7247,61.01,61.01,9-지형-POINT,39DDB,False
P01174,-1926.396,-2823.5347,52.25,52.25,9-지형-POINT,39DDD,False
P01175,-1944.306,-2839.7247,58.13,58.13,9-지형-POINT,39DDF,False
P01176,-1946.676,-2830.9047,54.92,54.92,9-지형-POINT,39DE1,False
P01177,-1959.846,-2845.1847,59.24,59.24,9-지형-POINT,39DE3,False
P01178,-1947.246,-2839.3247,57.78,57.78,9-지형-POINT,39DE5,False
P01179,-1961.106,-2849.3747,61.22,61.22,9-지형-POINT,39DE7,False
P01180,-1946.026,-2845.9947,60.18,60.18,9-지형-POINT,39DE9,False
P01181,-1941.336,-2853.5247,62.91,62.91,9-지형-POINT,39DEB,False
P01182,-1937.726,-2863.6747,64.05,64.05,9-지형-POINT,39DED,True
P01183,-1939.242,-2864.7047,64.185,64.185,9-지형-POINT,39DEF,True
P01184,-1953.301,-2866.4437,68.217,68.217,9-지형-POINT,39DF1,True
P01185,-1948.736,-2864.4247,66.92,66.92,9-지형-POINT,39DF3,True
P01186,-1950.536,-2857.5747,65.19,65.19,9-지형-POINT,39DF5,True
P01187,-1953.046,-2852.9247,62.96,62.96,9-지형-POINT,39DF7,False
P01188,-1953.936,-2849.1647,61.23,61.23,9-지형-POINT,39DF9,False
P01189,-1933.726,-2873.9647,61.01,61.01,9-지형-POINT,39DFB,False
P01190,-1920.966,-2873.2247,58.58,58.58,9-지형-POINT,39DFD,False
P01191,-1933.196,-2880.9847,58.8,58.8,9-지형-POINT,39DFF,False
P01192,-1912.456,-2879.0247,55.92,55.92,9-지형-POINT,39E01,False
P01193,-1917.186,-2884.8747,55.79,55.79,9-지형-POINT,39E03,False
P01194,-1948.956,-2875.4347,65.84,65.84,9-지형-POINT,39E05,True
P01195,-1925.888,-2885.6667,57.535,57.535,9-지형-POINT,39E07,False
P01196,-1903.716,-2889.9147,50.91,50.91,9-지형-POINT,39E09,False
P01197,-1898.046,-2900.0747,47.44,47.44,9-지형-POINT,39E0B,False
P01198,-1929.356,-2895.1247,52.71,52.71,9-지형-POINT,39E0D,False
P01199,-1929.666,-2891.9947,54.43,54.43,9-지형-POINT,39E0F,False
P01200,-1901.006,-2911.5647,45.82,45.82,9-지형-POINT,39E11,False
P01201,-1931.716,-2902.7647,51.16,51.16,9-지형-POINT,39E13,False
P01202,-1935.726,-2912.4947,48.0,48.0,9-지형-POINT,39E15,False
P01203,-1908.206,-2902.2347,48.83,48.83,9-지형-POINT,39E17,False
P01204,-1938.066,-2921.2647,45.26,45.26,9-지형-POINT,39E19,False
P01205,-1914.846,-2900.4147,50.42,50.42,9-지형-POINT,39E1B,False
P01206,-1940.616,-2928.0947,42.5,42.5,9-지형-POINT,39E1D,False
P01207,-1914.026,-2911.3347,46.77,46.77,9-지형-POINT,39E1F,False
P01208,-1926.136,-2916.9947,46.03,46.03,9-지형-POINT,39E21,False
P01209,-1924.336,-2929.0947,41.35,41.35,9-지형-POINT,39E23,False
P01210,-1935.756,-2917.4147,46.21,46.21,9-지형-POINT,39E25,False
P01211,-1949.366,-2918.1147,46.62,46.62,9-지형-POINT,39E27,False
P01212,-1917.726,-2906.4047,48.05,48.05,9-지형-POINT,39E29,False
P01213,-1952.696,-2907.4847,51.04,51.04,9-지형-POINT,39E2B,False
P01214,-1955.896,-2862.0847,67.86,67.86,9-지형-POINT,39E2D,True
P01215,-1966.626,-2866.3147,68.09,68.09,9-지형-POINT,39E2F,True
P01216,-1967.746,-2865.2047,68.09,68.09,9-지형-POINT,39E31,True
P01217,-1958.256,-2875.4247,68.19,68.19,9-지형-POINT,39E33,True
P01218,-1970.046,-2867.4647,68.02,68.02,9-지형-POINT,39E35,True
P01219,-1968.036,-2869.5347,68.13,68.13,9-지형-POINT,39E37,True
P01220,-1973.836,-2877.1547,66.47,66.47,9-지형-POINT,39E39,True
P01221,-1969.132,-2864.9647,67.939,67.939,9-지형-POINT,39E3B,True
P01222,-1980.426,-2886.5747,64.59,64.59,9-지형-POINT,39E3D,True
P01223,-1958.356,-2866.6147,66.79,66.79,9-지형-POINT,39E3F,True
P01224,-1992.486,-2897.8347,61.56,61.56,9-지형-POINT,39E41,False
P01225,-1973.946,-2859.4947,64.93,64.93,9-지형-POINT,39E43,True
P01226,-1997.196,-2889.1947,60.61,60.61,9-지형-POINT,39E45,False
P01227,-1973.996,-2850.9247,61.06,61.06,9-지형-POINT,39E47,False
P01228,-2000.336,-2874.3047,59.45,59.45,9-지형-POINT,39E49,False
P01229,-1985.086,-2855.1047,60.78,60.78,9-지형-POINT,39E4B,False
P01230,-1998.516,-2857.1747,57.27,57.27,9-지형-POINT,39E4D,False
P01231,-1990.416,-2852.0247,58.77,58.77,9-지형-POINT,39E4F,False
P01232,-1991.916,-2863.4047,60.84,60.84,9-지형-POINT,39E51,False
P01233,-1988.056,-2843.7347,56.19,56.19,9-지형-POINT,39E53,False
P01234,-1991.916,-2876.5747,62.29,62.29,9-지형-POINT,39E55,False
P01235,-1993.176,-2838.0347,52.55,52.55,9-지형-POINT,39E57,False
P01236,-1982.056,-2881.6047,64.75,64.75,9-지형-POINT,39E59,True
P01237,-1983.366,-2831.6747,51.96,51.96,9-지형-POINT,39E5B,False
P01238,-1998.676,-2831.0147,48.34,48.34,9-지형-POINT,39E5D,False
P01239,-2001.556,-2844.7247,52.74,52.74,9-지형-POINT,39E5F,False
P01240,-2008.016,-2858.2247,53.97,53.97,9-지형-POINT,39E61,False
P01241,-2010.016,-2850.3847,51.44,51.44,9-지형-POINT,39E63,False
P01242,-2014.846,-2859.7147,51.38,51.38,9-지형-POINT,39E65,False
P01243,-2021.326,-2855.6647,47.84,47.84,9-지형-POINT,39E67,False
P01244,-2000.881,-2882.1387,59.625,59.625,9-지형-POINT,39E69,False
P01245,-2026.006,-2862.7447,47.04,47.04,9-지형-POINT,39E6B,False
P01246,-1983.626,-2881.7847,64.4,64.4,9-지형-POINT,39E6D,True
P01247,-2025.316,-2879.5147,48.87,48.87,9-지형-POINT,39E6F,False
P01248,-1986.166,-2894.2847,62.77,62.77,9-지형-POINT,39E71,False
P01249,-2036.046,-2885.1447,46.55,46.55,9-지형-POINT,39E73,False
P01250,-1986.756,-2907.3247,61.0,61.0,9-지형-POINT,39E75,False
P01251,-2034.596,-2904.3747,46.84,46.84,9-지형-POINT,39E77,False
P01252,-2000.666,-2914.9347,57.54,57.54,9-지형-POINT,39E79,False
P01253,-2008.466,-2925.0047,54.58,54.58,9-지형-POINT,39E7B,False
P01254,-2017.016,-2884.8447,53.1,53.1,9-지형-POINT,39E7D,False
P01255,-2013.396,-2915.8947,54.44,54.44,9-지형-POINT,39E7F,False
P01256,-2014.306,-2904.7447,54.67,54.67,9-지형-POINT,39E81,False
P01257,-2021.396,-2911.8947,51.24,51.24,9-지형-POINT,39E83,False
P01258,-2005.046,-2893.5947,58.15,58.15,9-지형-POINT,39E85,False
P01259,-2022.136,-2903.9947,51.01,51.01,9-지형-POINT,39E87,False
P01260,-2033.036,-2918.7747,46.76,46.76,9-지형-POINT,39E89,False
P01261,-2006.246,-2907.0347,56.66,56.66,9-지형-POINT,39E8B,False
P01262,-2029.766,-2930.8547,47.08,47.08,9-지형-POINT,39E8D,False
P01263,-2017.866,-2909.8347,52.67,52.67,9-지형-POINT,39E8F,False
P01264,-2018.826,-2894.5647,52.19,52.19,9-지형-POINT,39E91,False
P01265,-2179.0984,-3077.8822,24.9236,24.9236,9-지형-POINT,39F46,False
P01266,-2179.1034,-3077.8673,24.9151,24.9151,9-지형-POINT,39F47,False
P01267,-2179.0958,-3077.8944,24.9301,24.9301,9-지형-POINT,39F48,False
P01268,-2179.0962,-3077.891,24.9296,24.9296,9-지형-POINT,39F49,False
P01269,-1732.9034,-2692.1043,28.4644,28.4644,9-지형-POINT,39F4A,False
P01270,-1734.6779,-2688.5794,27.9376,27.9376,9-지형-POINT,39F4B,False
P01271,-1719.3912,-2654.9717,27.423,27.423,9-지형-POINT,39F4C,False
P01272,-1779.4476,-2693.7615,34.0696,34.0696,9-지형-POINT,39F4D,False
P01273,-1730.5057,-2770.7534,33.684,33.684,9-지형-POINT,39F4E,False
P01274,-1757.4262,-2824.7675,36.7093,36.7093,9-지형-POINT,39F4F,False
P01275,-1787.1906,-2837.1116,37.3446,37.3446,9-지형-POINT,39F50,False
P01276,-1828.9797,-2886.3317,34.5422,34.5422,9-지형-POINT,39F51,False
P01277,-1867.9043,-2944.1729,28.6449,28.6449,9-지형-POINT,39F52,False
P01278,-1898.2358,-2966.4904,26.0776,26.0776,9-지형-POINT,39F53,False
P01279,-1947.4686,-2996.2854,24.6889,24.6889,9-지형-POINT,39F54,False
P01280,-2030.8772,-2967.3256,32.8655,32.8655,9-지형-POINT,39F55,False
P01281,-2110.9961,-2931.9561,29.7977,29.7977,9-지형-POINT,39F56,False
P01282,-2167.1605,-2924.1061,25.0593,25.0593,9-지형-POINT,39F57,False
P01283,-2179.5845,-2914.9998,24.8961,24.8961,9-지형-POINT,39F58,False
P01284,-2210.3304,-2921.0259,16.3602,16.3602,9-지형-POINT,39F59,False
P01285,-2159.4435,-2870.012,16.9159,16.9159,9-지형-POINT,39F5A,False
P01286,-2136.6696,-2825.6004,17.6592,17.6592,9-지형-POINT,39F5B,False
P01287,-2114.5819,-2771.3131,18.3142,18.3142,9-지형-POINT,39F5C,False
P01288,-2082.5514,-2734.3117,27.8496,27.8496,9-지형-POINT,39F5D,False
P01289,-2067.091,-2729.1731,27.2721,27.2721,9-지형-POINT,39F5E,False
P01290,-2067.078,-2729.1719,27.274,27.274,9-지형-POINT,39F5F,False
P01291,-2067.1278,-2729.171,27.2796,27.2796,9-지형-POINT,39F60,False
P01292,-1804.5436,-2719.2128,37.9233,37.9233,9-지형-POINT,39F61,False
P01293,-1865.8541,-2758.2719,41.7376,41.7376,9-지형-POINT,39F62,False
P01294,-1920.748,-2779.0241,39.5476,39.5476,9-지형-POINT,39F63,False
P01295,-2017.6398,-2776.2188,36.8262,36.8262,9-지형-POINT,39F64,False
P01296,-2059.9204,-2829.5187,35.8044,35.8044,9-지형-POINT,39F65,False
P01297,-2067.7284,-2889.1785,39.5435,39.5435,9-지형-POINT,39F66,False
P01298,-1803.7152,-2722.952,39.8725,39.8725,9-지형-POINT,39F67,False
P01299,-1791.1799,-2713.7261,39.2553,39.2553,9-지형-POINT,39F69,False
P01300,-1785.6407,-2707.4098,38.9073,38.9073,9-지형-POINT,39F6B,False
P01301,-1778.9796,-2703.2199,38.3093,38.3093,9-지형-POINT,39F6D,False
P01302,-1772.7566,-2713.125,41.7029,41.7029,9-지형-POINT,39F6F,False
P01303,-1779.3426,-2722.7331,44.4499,44.4499,9-지형-POINT,39F71,False
P01304,-1768.173,-2732.2689,48.8978,48.8978,9-지형-POINT,39F73,False
P01305,-1768.6527,-2737.9078,50.6415,50.6415,9-지형-POINT,39F75,False
P01306,-1776.0338,-2741.5669,50.82,50.82,9-지형-POINT,39F77,False
P01307,-1781.3413,-2738.2728,48.9571,48.9571,9-지형-POINT,39F79,False
P01308,-1789.2999,-2736.0234,46.2866,46.2866,9-지형-POINT,39F7B,False
P01309,-1796.5833,-2732.3258,43.6498,43.6498,9-지형-POINT,39F7D,False
P01310,-1821.7914,-2751.464,44.9889,44.9889,9-지형-POINT,39F7F,False
P01311,-1814.7401,-2730.6668,40.7615,40.7615,9-지형-POINT,39F81,False
P01312,-1827.3909,-2741.1283,41.2236,41.2236,9-지형-POINT,39F83,False
P01313,-1840.9527,-2755.1222,42.7806,42.7806,9-지형-POINT,39F85,False
P01314,-1837.8426,-2758.3029,43.8114,43.8114,9-지형-POINT,39F87,False
P01315,-1826.12,-2715.0506,34.6823,34.6823,9-지형-POINT,39F89,False
P01316,-1830.0797,-2706.7376,33.7358,33.7358,9-지형-POINT,39F8B,False
P01317,-1849.4506,-2715.2033,33.0621,33.0621,9-지형-POINT,39F8D,False
P01318,-1852.127,-2722.0916,33.6888,33.6888,9-지형-POINT,39F8F,False
P01319,-1844.8832,-2726.7927,34.4301,34.4301,9-지형-POINT,39F91,False
P01320,-1837.4284,-2720.0107,34.5343,34.5343,9-지형-POINT,39F93,False
P01321,-1848.609,-2731.4537,35.5804,35.5804,9-지형-POINT,39F95,False
P01322,-1853.2381,-2727.1613,35.5314,35.5314,9-지형-POINT,39F97,False
P01323,-1869.5501,-2734.2488,35.957,35.957,9-지형-POINT,39F99,False
P01324,-1865.9293,-2743.7792,36.538,36.538,9-지형-POINT,39F9B,False
P01325,-1890.1592,-2746.4663,36.5878,36.5878,9-지형-POINT,39F9D,False
P01326,-1900.413,-2754.5469,36.6607,36.6607,9-지형-POINT,39F9F,False
P01327,-1899.6751,-2759.5198,36.9821,36.9821,9-지형-POINT,39FA1,False
P01328,-1890.8531,-2757.495,37.1102,37.1102,9-지형-POINT,39FA3,False
P01329,-1908.2625,-2758.5068,34.8495,34.8495,9-지형-POINT,39FA5,False
P01330,-1919.7767,-2766.3446,35.5672,35.5672,9-지형-POINT,39FA7,False
P01331,-1934.9814,-2772.1477,35.3673,35.3673,9-지형-POINT,39FA9,False
P01332,-1959.6362,-2766.7515,32.3685,32.3685,9-지형-POINT,39FAB,False
P01333,-1959.7072,-2758.5998,30.7743,30.7743,9-지형-POINT,39FAD,False
P01334,-1938.9301,-2758.7486,32.7522,32.7522,9-지형-POINT,39FAF,False
P01335,-1942.1467,-2747.7647,30.2884,30.2884,9-지형-POINT,39FB1,False
P01336,-1921.0257,-2748.3122,32.8922,32.8922,9-지형-POINT,39FB3,False
P01337,-1920.2871,-2736.6756,31.3392,31.3392,9-지형-POINT,39FB5,False
P01338,-1905.3564,-2733.5706,31.7861,31.7861,9-지형-POINT,39FB7,False
P01339,-1886.7691,-2725.4165,32.3511,32.3511,9-지형-POINT,39FB9,False
P01340,-1858.8376,-2715.9792,32.2257,32.2257,9-지형-POINT,39FBB,False
P01341,-1859.1225,-2722.5054,32.7813,32.7813,9-지형-POINT,39FBD,False
P01342,-1884.5729,-2735.0277,33.5534,33.5534,9-지형-POINT,39FBF,False
P01343,-1899.8963,-2743.0996,33.5034,33.5034,9-지형-POINT,39FC1,False
P01344,-1857.9596,-2709.8564,30.7752,30.7752,9-지형-POINT,39FC3,False
P01345,-1859.6113,-2704.5405,29.9089,29.9089,9-지형-POINT,39FC5,False
P01346,-1881.5453,-2710.7099,29.8678,29.8678,9-지형-POINT,39FC7,False
P01347,-1882.92,-2718.9966,31.1806,31.1806,9-지형-POINT,39FC9,False
P01348,-1903.3904,-2718.616,29.4645,29.4645,9-지형-POINT,39FCB,False
P01349,-1900.9529,-2724.6968,30.5371,30.5371,9-지형-POINT,39FCD,False
P01350,-1868.5754,-2694.8225,27.4114,27.4114,9-지형-POINT,39FCF,False
P01351,-1851.9728,-2700.5785,29.7453,29.7453,9-지형-POINT,39FD1,False
P01352,-2116.1844,-2718.3442,0.7957,0.7957,9-지형-POINT,39FD3,False
P01353,-2125.4066,-2730.3222,0.9857,0.9857,9-지형-POINT,39FD5,False
P01354,-2135.5418,-2723.9445,0.1635,0.1635,9-지형-POINT,39FD7,False
P01355,-2133.3686,-2744.2095,0.0895,0.0895,9-지형-POINT,39FD9,False
P01356,-2139.5605,-2758.83,0.0029,0.0029,9-지형-POINT,39FDB,False
P01357,-2146.2486,-2771.8285,-0.0196,-0.0196,9-지형-POINT,39FDD,False
P01358,-2152.6207,-2788.6536,0.0801,0.0801,9-지형-POINT,39FDF,False
P01359,-2163.4843,-2807.5969,0.0547,0.0547,9-지형-POINT,39FE1,False
P01360,-2135.7619,-2753.6403,-0.0328,-0.0328,9-지형-POINT,39FE3,False
P01361,-2120.972,-2722.6583,0.3767,0.3767,9-지형-POINT,39FE5,False
P01362,-2110.9046,-2719.0072,1.5695,1.5695,9-지형-POINT,39FE7,False
P01363,-2115.4527,-2712.2691,0.0327,0.0327,9-지형-POINT,39FE9,False
P01364,-2100.6468,-2697.6891,-0.0804,-0.0804,9-지형-POINT,39FEB,False
P01365,-2095.7068,-2703.1835,1.6978,1.6978,9-지형-POINT,39FED,False
P01366,-2079.4069,-2694.5282,1.7224,1.7224,9-지형-POINT,39FEF,False
P01367,-2076.7008,-2686.014,0.0594,0.0594,9-지형-POINT,39FF1,False
P01368,-2060.5365,-2689.8752,1.5997,1.5997,9-지형-POINT,39FF3,False
P01369,-2052.62,-2680.4155,0.0576,0.0576,9-지형-POINT,39FF5,False
P01370,-2033.357,-2682.2571,0.6264,0.6264,9-지형-POINT,39FF7,False
P01371,-2031.7861,-2675.5312,-0.0232,-0.0232,9-지형-POINT,39FF9,False
P01372,-2023.6137,-2678.5384,2.0968,2.0968,9-지형-POINT,39FFB,False
P01373,-2017.387,-2674.916,0.0044,0.0044,9-지형-POINT,39FFD,False
P01374,-2012.1075,-2680.2027,1.2085,1.2085,9-지형-POINT,39FFF,False
P01375,-2003.8285,-2678.9021,1.0166,1.0166,9-지형-POINT,3A001,False
P01376,-2000.7956,-2672.1671,-0.0463,-0.0463,9-지형-POINT,3A003,False
P01377,-1989.9946,-2672.8642,0.5676,0.5676,9-지형-POINT,3A005,False
P01378,-1981.1129,-2664.3155,0.0595,0.0595,9-지형-POINT,3A007,False
P01379,-1973.5043,-2670.666,1.0304,1.0304,9-지형-POINT,3A009,False
P01380,-1955.3848,-2661.6563,0.3005,0.3005,9-지형-POINT,3A00B,False
P01381,-1958.4793,-2656.5505,-0.1276,-0.1276,9-지형-POINT,3A00D,False
P01382,-1942.069,-2660.2787,0.3188,0.3188,9-지형-POINT,3A00F,False
P01383,-1934.3103,-2663.9489,1.1327,1.1327,9-지형-POINT,3A011,False
P01384,-1917.2562,-2661.9071,1.0933,1.0933,9-지형-POINT,3A013,False
P01385,-1918.5437,-2657.3803,-0.0159,-0.0159,9-지형-POINT,3A015,False
P01386,-1906.4758,-2656.1425,0.7485,0.7485,9-지형-POINT,3A017,False
P01387,-1892.971,-2648.1047,0.5948,0.5948,9-지형-POINT,3A019,False
P01388,-1893.6999,-2642.3599,-0.2095,-0.2095,9-지형-POINT,3A01B,False
P01389,-2060.6255,-2697.9872,5.9143,5.9143,9-지형-POINT,3A01D,False
P01390,-2054.5825,-2705.3994,10.7956,10.7956,9-지형-POINT,3A01F,False
P01391,-2053.7783,-2712.1582,13.47,13.47,9-지형-POINT,3A021,False
P01392,-2048.8498,-2709.4463,16.1413,16.1413,9-지형-POINT,3A023,False
P01393,-2042.6757,-2714.6375,19.1218,19.1218,9-지형-POINT,3A025,False
P01394,-2019.617,-2706.6123,17.5871,17.5871,9-지형-POINT,3A027,False
P01395,-2005.4612,-2706.7254,16.6544,16.6544,9-지형-POINT,3A029,False
P01396,-1995.8171,-2704.9641,18.8782,18.8782,9-지형-POINT,3A02B,False
P01397,-1979.6591,-2700.5824,17.8862,17.8862,9-지형-POINT,3A02D,False
P01398,-1967.5715,-2708.9097,18.8379,18.8379,9-지형-POINT,3A02F,False
P01399,-1956.1934,-2712.7559,21.1373,21.1373,9-지형-POINT,3A031,False
P01400,-1948.4337,-2703.5732,21.7007,21.7007,9-지형-POINT,3A033,False
P01401,-1929.7466,-2699.4889,22.1302,22.1302,9-지형-POINT,3A035,False
P01402,-1891.0192,-2685.8482,23.2797,23.2797,9-지형-POINT,3A037,False
P01403,-1875.65,-2688.5904,22.5824,22.5824,9-지형-POINT,3A039,False
P01404,-1863.6333,-2683.8542,26.0593,26.0593,9-지형-POINT,3A03B,False
P01405,-1793.2533,-2593.2215,2.8759,2.8759,9-지형-POINT,3A03D,False
P01406,-1794.1012,-2593.2061,2.7918,2.7918,9-지형-POINT,3A03F,False
P01407,-1794.7803,-2597.8298,3.044,3.044,9-지형-POINT,3A041,False
P01408,-1795.5479,-2599.5858,3.0007,3.0007,9-지형-POINT,3A043,False
P01409,-1799.5932,-2605.7773,2.936,2.936,9-지형-POINT,3A045,False
P01410,-1783.1032,-2614.0231,15.2081,15.2081,9-지형-POINT,3A047,False
P01411,-2013.2883,-2941.8456,49.32,49.32,9-지형-POINT,4840B,False
P01412,-1995.9915,-2938.6126,50.66,50.66,9-지형-POINT,4840D,False
P01413,-1989.6471,-2930.2677,52.71,52.71,9-지형-POINT,4840F,False
P01414,-1986.3192,-2945.0708,47.01,47.01,9-지형-POINT,48411,False
P01415,-1973.0942,-2946.9195,43.16,43.16,9-지형-POINT,48413,False
P01416,-1959.3717,-2937.1984,42.52,42.52,9-지형-POINT,48415,False
P01417,-1964.0949,-2925.9965,47.69,47.69,9-지형-POINT,48417,False
P01418,-1974.2724,-2931.921,48.33,48.33,9-지형-POINT,48419,False
P01419,-1964.3711,-2903.9698,58.24,58.24,9-지형-POINT,4841B,False
P01420,-1952.7846,-2885.4727,62.9,62.9,9-지형-POINT,4841D,False
P01421,-1909.2077,-2923.2119,42.37,42.37,9-지형-POINT,4841F,False
P01422,-1912.3549,-2937.5906,37.85,37.85,9-지형-POINT,48421,False
P01423,-1883.9408,-2928.796,37.28,37.28,9-지형-POINT,48423,False
P01424,-1883.4652,-2942.5822,0.0,0.0,9-지형-POINT,48425,False
P01425,-1880.0006,-2908.2052,41.73,41.73,9-지형-POINT,48427,False
P01426,-1878.4495,-2886.7863,46.02,46.02,9-지형-POINT,48429,False
P01427,-1859.9031,-2883.2209,42.88,42.88,9-지형-POINT,4842B,False
P01428,-1842.8814,-2871.6693,42.31,42.31,9-지형-POINT,4842D,False
P01429,-1847.0424,-2860.9731,46.59,46.59,9-지형-POINT,4842F,False
P01430,-1837.6503,-2846.8304,47.88,47.88,9-지형-POINT,48431,False
P01431,-1819.0851,-2846.6898,43.26,43.26,9-지형-POINT,48433,False
P01432,-1799.7738,-2805.4898,51.72,51.72,9-지형-POINT,48435,False
P01433,-2046.7259,-2932.2643,42.72,42.72,9-지형-POINT,48437,False
P01434,-2045.8791,-2911.2207,42.94,42.94,9-지형-POINT,48439,False
P01435,-2052.1702,-2899.7313,41.69,41.69,9-지형-POINT,4843B,False
P01436,-2132.3687,-2854.3711,22.21,22.21,9-지형-POINT,4843D,False
P01437,-2122.9746,-2869.5672,26.93,26.93,9-지형-POINT,4843F,False
P01438,-2100.0873,-2863.762,32.09,32.09,9-지형-POINT,48441,False
P01439,-2084.3674,-2826.6684,31.42,31.42,9-지형-POINT,48443,False
P01440,-2075.9798,-2795.0527,29.08,29.08,9-지형-POINT,48445,False
P01441,-2055.3129,-2787.7108,31.63,31.63,9-지형-POINT,48447,False
P01442,-2055.3129,-2768.4169,29.28,29.28,9-지형-POINT,48449,False
P01443,-1628.6509,-2488.865,24.36,24.36,9-지형-POINT,6A602,False
P01444,-1630.2909,-2487.225,24.13,24.13,9-지형-POINT,6A604,False
P01445,-1632.0909,-2486.995,23.94,23.94,9-지형-POINT,6A606,False
P01446,-1649.8109,-2489.405,24.34,24.34,9-지형-POINT,6A608,False
P01447,-1675.2309,-2489.035,22.84,22.84,9-지형-POINT,6A60A,False
P01448,-1673.4509,-2498.325,24.76,24.76,9-지형-POINT,6A60C,False
P01449,-1698.4609,-2493.635,19.32,19.32,9-지형-POINT,6A60E,False
P01450,-1705.5209,-2531.665,27.44,27.44,9-지형-POINT,6A610,False
P01451,-1711.0109,-2522.225,22.73,22.73,9-지형-POINT,6A612,False
P01452,-1673.5609,-2527.775,30.85,30.85,9-지형-POINT,6A614,False
P01453,-1703.9109,-2516.555,23.64,23.64,9-지형-POINT,6A616,False
P01454,-1654.1709,-2518.555,31.39,31.39,9-지형-POINT,6A618,False
P01455,-1701.6509,-2520.485,26.11,26.11,9-지형-POINT,6A61A,False
P01456,-1639.5009,-2514.225,31.28,31.28,9-지형-POINT,6A61C,False
P01457,-1634.9409,-2521.795,32.11,32.11,9-지형-POINT,6A61E,False
P01458,-1695.5009,-2525.235,26.88,26.88,9-지형-POINT,6A620,False
P01459,-1626.7809,-2510.325,30.54,30.54,9-지형-POINT,6A622,False
P01460,-1624.4409,-2516.995,30.93,30.93,9-지형-POINT,6A624,False
P01461,-1685.1309,-2515.325,27.36,27.36,9-지형-POINT,6A626,False
P01462,-1714.2309,-2494.165,16.47,16.47,9-지형-POINT,6A628,False
P01463,-1676.5909,-2505.385,25.99,25.99,9-지형-POINT,6A62A,False
P01464,-1665.8009,-2500.855,25.85,25.85,9-지형-POINT,6A62C,False
P01465,-1700.5209,-2488.275,17.69,17.69,9-지형-POINT,6A62E,False
P01466,-1637.8609,-2517.875,31.61,31.61,9-지형-POINT,6A630,False
P01467,-1652.2609,-2495.995,25.55,25.55,9-지형-POINT,6A632,False
P01468,-1684.5709,-2491.315,21.04,21.04,9-지형-POINT,6A634,False
P01469,-1639.3509,-2487.095,24.65,24.65,9-지형-POINT,6A636,False
P01470,-1637.9609,-2497.865,27.34,27.34,9-지형-POINT,6A638,False
P01471,-1638.9709,-2504.955,27.99,27.99,9-지형-POINT,6A63A,False
P01472,-1635.9309,-2511.625,30.89,30.89,9-지형-POINT,6A63C,False
P01473,-1635.8809,-2511.605,30.87,30.87,9-지형-POINT,6A63E,False
P01474,-1637.2509,-2522.395,32.19,32.19,9-지형-POINT,6A640,False
P01475,-1657.7609,-2525.005,31.89,31.89,9-지형-POINT,6A642,False
P01476,-1661.6609,-2521.005,31.15,31.15,9-지형-POINT,6A644,False
P01477,-1662.5309,-2518.555,29.37,29.37,9-지형-POINT,6A646,False
P01478,-1697.2709,-2532.635,28.38,28.38,9-지형-POINT,6A648,False
P01479,-1620.9909,-2527.485,34.04,34.04,9-지형-POINT,6A64C,False
P01480,-1625.8609,-2526.375,33.99,33.99,9-지형-POINT,6A64D,False
P01481,-1620.9109,-2524.105,33.84,33.84,9-지형-POINT,6A64F,False
P01482,-1706.4203,-2531.1828,27.4114,27.4114,9-지형-POINT,6A651,False
P01483,-1713.4949,-2524.9507,22.5824,22.5824,9-지형-POINT,6A653,False
P01484,-1701.4782,-2520.2145,26.0593,26.0593,9-지형-POINT,6A655,False
